Conv2d,1,32,257,257,864,5.70663e+07,0,5.70663e+07,0,8.45427e+06,8.55995e+08,8.45773e+06,5.74532e-05,3.75054e+07,9.21466e-05,0.225507,22291.5,
BatchNorm2d,2,32,257,257,0,2.11357e+06,0,6.3407e+06,2.11357e+06,8.45427e+06,1.05678e+07,8.45427e+06,7.09299e-07,463030,0,18.2586,825.613,
ReLU,3,32,257,257,0,0,2.11357e+06,0,0,8.45427e+06,2.11357e+06,8.45427e+06,1.4186e-07,92606,0,91.2929,0,
Conv2d,4,64,257,257,18432,1.21742e+09,0,1.21742e+09,0,1.69085e+07,1.77134e+11,1.69823e+07,0.011889,7.76113e+09,9.49965e-06,0.00218812,475553,
BatchNorm2d,5,64,257,257,0,4.22714e+06,0,1.26814e+07,4.22714e+06,1.69085e+07,2.11357e+07,1.69085e+07,1.4186e-06,926060,0,18.2586,1651.23,
ReLU,6,64,257,257,0,0,4.22714e+06,0,0,1.69085e+07,4.22714e+06,1.69085e+07,2.83719e-07,185212,0,91.2929,0,
Conv2d,7,64,257,257,36864,2.43483e+09,0,2.43483e+09,0,1.69085e+07,7.04883e+11,1.7056e+07,0.0473108,3.08845e+10,4.77444e-06,0.000552251,951106,
BatchNorm2d,8,64,257,257,0,4.22714e+06,0,1.26814e+07,4.22714e+06,1.69085e+07,2.11357e+07,1.69085e+07,1.4186e-06,926060,0,18.2586,1651.23,
Conv2d,9,128,257,257,73728,4.86966e+09,0,4.86966e+09,0,3.38171e+07,1.40977e+12,3.4112e+07,0.0946216,6.1769e+10,4.77444e-06,0.000552251,1.90221e+06,
SeparableConv2d,10,128,257,257,163840,1.08215e+10,0,1.08215e+10,0,3.38171e+07,5.62662e+12,3.44724e+07,0.377651,2.46531e+11,2.65833e-06,0.00013983,64,
BatchNorm2d,11,128,257,257,0,8.45427e+06,0,2.53628e+07,8.45427e+06,3.38171e+07,4.22714e+07,3.38171e+07,2.83719e-06,1.85212e+06,0,18.2586,3302.45,
ReLU,12,128,257,257,0,0,8.45427e+06,0,0,3.38171e+07,8.45427e+06,3.38171e+07,5.67439e-07,370424,0,91.2929,0,
ReLU,13,128,257,257,0,0,8.45427e+06,0,0,3.38171e+07,8.45427e+06,3.38171e+07,5.67439e-07,370424,0,91.2929,0,
Conv2d,14,128,257,257,147456,9.73932e+09,0,9.73932e+09,0,3.38171e+07,5.62446e+12,3.44069e+07,0.377506,2.46436e+11,2.39342e-06,0.000139618,3.80442e+06,
BatchNorm2d,15,128,257,257,0,8.45427e+06,0,2.53628e+07,8.45427e+06,3.38171e+07,4.22714e+07,3.38171e+07,2.83719e-06,1.85212e+06,0,18.2586,3302.45,
Conv2d,16,128,257,257,147456,9.73932e+09,0,9.73932e+09,0,3.38171e+07,5.62446e+12,3.44069e+07,0.377506,2.46436e+11,2.39342e-06,0.000139618,3.80442e+06,
SeparableConv2d,17,128,257,257,163840,1.08215e+10,0,1.08215e+10,0,3.38171e+07,5.62662e+12,3.44724e+07,0.377651,2.46531e+11,2.65833e-06,0.00013983,64,
BatchNorm2d,18,128,257,257,0,8.45427e+06,0,2.53628e+07,8.45427e+06,3.38171e+07,4.22714e+07,3.38171e+07,2.83719e-06,1.85212e+06,0,18.2586,3302.45,
ReLU,19,128,257,257,0,0,8.45427e+06,0,0,3.38171e+07,8.45427e+06,3.38171e+07,5.67439e-07,370424,0,91.2929,0,
ReLU,20,128,257,257,0,0,8.45427e+06,0,0,3.38171e+07,8.45427e+06,3.38171e+07,5.67439e-07,370424,0,91.2929,0,
Conv2d,21,128,129,129,147456,2.45382e+09,0,2.45382e+09,0,8.52019e+06,1.41708e+12,9.11002e+06,0.0951123,6.20893e+10,9.49961e-06,0.000146724,958522,
BatchNorm2d,22,128,129,129,0,2.13005e+06,0,6.39014e+06,2.13005e+06,8.52019e+06,1.06502e+07,8.52019e+06,7.14829e-07,466641,0,18.2586,832.051,
Conv2d,23,128,129,129,147456,2.45382e+09,0,2.45382e+09,0,8.52019e+06,1.41708e+12,9.11002e+06,0.0951123,6.20893e+10,9.49961e-06,0.000146724,958522,
SeparableConv2d,24,128,129,129,163840,2.72646e+09,0,2.72646e+09,0,8.52019e+06,1.41762e+12,9.17555e+06,0.0951489,6.21132e+10,1.05511e-05,0.000147723,64,
BatchNorm2d,25,128,129,129,0,2.13005e+06,0,6.39014e+06,2.13005e+06,8.52019e+06,1.06502e+07,8.52019e+06,7.14829e-07,466641,0,18.2586,832.051,
Conv2d,26,128,129,129,147456,2.45382e+09,0,2.45382e+09,0,8.52019e+06,1.41708e+12,9.11002e+06,0.0951123,6.20893e+10,9.49961e-06,0.000146724,958522,
BatchNorm2d,27,128,129,129,0,2.13005e+06,0,6.39014e+06,2.13005e+06,8.52019e+06,1.06502e+07,8.52019e+06,7.14829e-07,466641,0,18.2586,832.051,
Block,28,128,129,129,0,0,0,0,0,0,0,0,0,0,0,0,0,
ReLU,29,128,129,129,0,0,2.13005e+06,0,0,8.52019e+06,2.13005e+06,8.52019e+06,1.42966e-07,93328.1,0,91.2929,0,
Conv2d,30,128,129,129,147456,2.45382e+09,0,2.45382e+09,0,8.52019e+06,1.41708e+12,9.11002e+06,0.0951123,6.20893e+10,9.49961e-06,0.000146724,958522,
BatchNorm2d,31,128,129,129,0,2.13005e+06,0,6.39014e+06,2.13005e+06,8.52019e+06,1.06502e+07,8.52019e+06,7.14829e-07,466641,0,18.2586,832.051,
Conv2d,32,256,129,129,294912,4.90763e+09,0,4.90763e+09,0,1.70404e+07,2.83416e+12,1.822e+07,0.190225,1.24179e+11,9.49961e-06,0.000146724,1.91704e+06,
SeparableConv2d,33,256,129,129,655360,1.09058e+10,0,1.09058e+10,0,1.70404e+07,1.13241e+13,1.96618e+07,0.760057,4.96165e+11,5.2834e-06,3.96276e-05,256,
BatchNorm2d,34,256,129,129,0,4.2601e+06,0,1.27803e+07,4.2601e+06,1.70404e+07,2.13005e+07,1.70404e+07,1.42966e-06,933281,0,18.2586,1664.1,
ReLU,35,256,129,129,0,0,4.2601e+06,0,0,1.70404e+07,4.2601e+06,1.70404e+07,2.85932e-07,186656,0,91.2929,0,
ReLU,36,256,129,129,0,0,4.2601e+06,0,0,1.70404e+07,4.2601e+06,1.70404e+07,2.85932e-07,186656,0,91.2929,0,
Conv2d,37,256,129,129,589824,9.81526e+09,0,9.81526e+09,0,1.70404e+07,1.13219e+13,1.93997e+07,0.75991,4.96069e+11,4.75598e-06,3.91068e-05,3.83409e+06,
BatchNorm2d,38,256,129,129,0,4.2601e+06,0,1.27803e+07,4.2601e+06,1.70404e+07,2.13005e+07,1.70404e+07,1.42966e-06,933281,0,18.2586,1664.1,
Conv2d,39,256,129,129,589824,9.81526e+09,0,9.81526e+09,0,1.70404e+07,1.13219e+13,1.93997e+07,0.75991,4.96069e+11,4.75598e-06,3.91068e-05,3.83409e+06,
SeparableConv2d,40,256,129,129,655360,1.09058e+10,0,1.09058e+10,0,1.70404e+07,1.13241e+13,1.96618e+07,0.760057,4.96165e+11,5.2834e-06,3.96276e-05,256,
BatchNorm2d,41,256,129,129,0,4.2601e+06,0,1.27803e+07,4.2601e+06,1.70404e+07,2.13005e+07,1.70404e+07,1.42966e-06,933281,0,18.2586,1664.1,
ReLU,42,256,129,129,0,0,4.2601e+06,0,0,1.70404e+07,4.2601e+06,1.70404e+07,2.85932e-07,186656,0,91.2929,0,
ReLU,43,256,129,129,0,0,4.2601e+06,0,0,1.70404e+07,4.2601e+06,1.70404e+07,2.85932e-07,186656,0,91.2929,0,
Conv2d,44,256,65,65,589824,2.49201e+09,0,2.49201e+09,0,4.3264e+06,2.87453e+12,6.6857e+06,0.192934,1.25948e+11,1.87324e-05,5.30832e-05,973440,
BatchNorm2d,45,256,65,65,0,1.0816e+06,0,3.2448e+06,1.0816e+06,4.3264e+06,5.408e+06,4.3264e+06,3.62978e-07,236952,0,18.2586,422.501,
Conv2d,46,256,65,65,589824,2.49201e+09,0,2.49201e+09,0,4.3264e+06,2.87453e+12,6.6857e+06,0.192934,1.25948e+11,1.87324e-05,5.30832e-05,973440,
SeparableConv2d,47,256,65,65,655360,2.7689e+09,0,2.7689e+09,0,4.3264e+06,2.87508e+12,6.94784e+06,0.192972,1.25972e+11,2.08097e-05,5.51539e-05,256,
BatchNorm2d,48,256,65,65,0,1.0816e+06,0,3.2448e+06,1.0816e+06,4.3264e+06,5.408e+06,4.3264e+06,3.62978e-07,236952,0,18.2586,422.501,
Conv2d,49,256,65,65,589824,2.49201e+09,0,2.49201e+09,0,4.3264e+06,2.87453e+12,6.6857e+06,0.192934,1.25948e+11,1.87324e-05,5.30832e-05,973440,
BatchNorm2d,50,256,65,65,0,1.0816e+06,0,3.2448e+06,1.0816e+06,4.3264e+06,5.408e+06,4.3264e+06,3.62978e-07,236952,0,18.2586,422.501,
Block,51,256,65,65,0,0,0,0,0,0,0,0,0,0,0,0,0,
ReLU,52,256,65,65,0,0,1.0816e+06,0,0,4.3264e+06,1.0816e+06,4.3264e+06,7.25955e-08,47390.3,0,91.2929,0,
ReLU,53,256,65,65,0,0,1.0816e+06,0,0,4.3264e+06,1.0816e+06,4.3264e+06,7.25955e-08,47390.3,0,91.2929,0,
Conv2d,54,256,65,65,589824,2.49201e+09,0,2.49201e+09,0,4.3264e+06,2.87453e+12,6.6857e+06,0.192934,1.25948e+11,1.87324e-05,5.30832e-05,973440,
BatchNorm2d,55,256,65,65,0,1.0816e+06,0,3.2448e+06,1.0816e+06,4.3264e+06,5.408e+06,4.3264e+06,3.62978e-07,236952,0,18.2586,422.501,
Conv2d,56,728,65,65,1.67731e+06,7.08664e+09,0,7.08664e+09,0,1.23032e+07,8.17444e+12,1.90124e+07,0.548657,3.58163e+11,1.87324e-05,5.30832e-05,2.76822e+06,
SeparableConv2d,57,728,65,65,5.29984e+06,2.23918e+10,0,2.23918e+10,0,1.23032e+07,6.60548e+13,3.35026e+07,4.4335,2.89419e+12,7.3248e-06,1.15758e-05,2070.25,
BatchNorm2d,58,728,65,65,0,3.0758e+06,0,9.2274e+06,3.0758e+06,1.23032e+07,1.5379e+07,1.23032e+07,1.03222e-06,673831,0,18.2586,1201.49,
ReLU,59,728,65,65,0,0,3.0758e+06,0,0,1.23032e+07,3.0758e+06,1.23032e+07,2.06443e-07,134766,0,91.2929,0,
ReLU,60,728,65,65,0,0,3.0758e+06,0,0,1.23032e+07,3.0758e+06,1.23032e+07,2.06443e-07,134766,0,91.2929,0,
Conv2d,61,728,65,65,4.76986e+06,2.01526e+10,0,2.01526e+10,0,1.23032e+07,6.60503e+13,3.13826e+07,4.4332,2.89399e+12,6.59276e-06,1.08441e-05,7.87213e+06,
BatchNorm2d,62,728,65,65,0,3.0758e+06,0,9.2274e+06,3.0758e+06,1.23032e+07,1.5379e+07,1.23032e+07,1.03222e-06,673831,0,18.2586,1201.49,
Conv2d,63,728,65,65,4.76986e+06,2.01526e+10,0,2.01526e+10,0,1.23032e+07,6.60503e+13,3.13826e+07,4.4332,2.89399e+12,6.59276e-06,1.08441e-05,7.87213e+06,
SeparableConv2d,64,728,65,65,5.29984e+06,2.23918e+10,0,2.23918e+10,0,1.23032e+07,6.60548e+13,3.35026e+07,4.4335,2.89419e+12,7.3248e-06,1.15758e-05,2070.25,
BatchNorm2d,65,728,65,65,0,3.0758e+06,0,9.2274e+06,3.0758e+06,1.23032e+07,1.5379e+07,1.23032e+07,1.03222e-06,673831,0,18.2586,1201.49,
ReLU,66,728,65,65,0,0,3.0758e+06,0,0,1.23032e+07,3.0758e+06,1.23032e+07,2.06443e-07,134766,0,91.2929,0,
ReLU,67,728,65,65,0,0,3.0758e+06,0,0,1.23032e+07,3.0758e+06,1.23032e+07,2.06443e-07,134766,0,91.2929,0,
Conv2d,68,728,33,33,4.76986e+06,5.19437e+09,0,5.19437e+09,0,3.17117e+06,1.70246e+13,2.22506e+07,1.14266,7.45931e+11,2.5578e-05,2.98293e-05,2.02905e+06,
BatchNorm2d,69,728,33,33,0,792794,0,2.37838e+06,792792,3.17117e+06,3.96396e+06,3.17117e+06,2.66056e-07,173681,0,18.2586,309.685,
Conv2d,70,728,33,33,4.76986e+06,5.19437e+09,0,5.19437e+09,0,3.17117e+06,1.70246e+13,2.22506e+07,1.14266,7.45931e+11,2.5578e-05,2.98293e-05,2.02905e+06,
SeparableConv2d,71,728,33,33,5.29984e+06,5.77153e+09,0,5.77153e+09,0,3.17117e+06,1.70257e+13,2.43705e+07,1.14274,7.45982e+11,2.84181e-05,3.26691e-05,2070.25,
BatchNorm2d,72,728,33,33,0,792794,0,2.37838e+06,792792,3.17117e+06,3.96396e+06,3.17117e+06,2.66056e-07,173681,0,18.2586,309.685,
Conv2d,73,728,33,33,4.76986e+06,5.19437e+09,0,5.19437e+09,0,3.17117e+06,1.70246e+13,2.22506e+07,1.14266,7.45931e+11,2.5578e-05,2.98293e-05,2.02905e+06,
BatchNorm2d,74,728,33,33,0,792794,0,2.37838e+06,792792,3.17117e+06,3.96396e+06,3.17117e+06,2.66056e-07,173681,0,18.2586,309.685,
Block,75,728,33,33,0,0,0,0,0,0,0,0,0,0,0,0,0,
ReLU,76,728,33,33,0,0,792792,0,0,3.17117e+06,792792,3.17117e+06,5.32111e-08,34736.2,0,91.2929,0,
ReLU,77,728,33,33,0,0,792792,0,0,3.17117e+06,792792,3.17117e+06,5.32111e-08,34736.2,0,91.2929,0,
Conv2d,78,728,33,33,4.76986e+06,5.19437e+09,0,5.19437e+09,0,3.17117e+06,1.70246e+13,2.22506e+07,1.14266,7.45931e+11,2.5578e-05,2.98293e-05,2.02905e+06,
BatchNorm2d,79,728,33,33,0,792794,0,2.37838e+06,792792,3.17117e+06,3.96396e+06,3.17117e+06,2.66056e-07,173681,0,18.2586,309.685,
Conv2d,80,728,33,33,4.76986e+06,5.19437e+09,0,5.19437e+09,0,3.17117e+06,1.70246e+13,2.22506e+07,1.14266,7.45931e+11,2.5578e-05,2.98293e-05,2.02905e+06,
SeparableConv2d,81,728,33,33,5.29984e+06,5.77153e+09,0,5.77153e+09,0,3.17117e+06,1.70257e+13,2.43705e+07,1.14274,7.45982e+11,2.84181e-05,3.26691e-05,2070.25,
BatchNorm2d,82,728,33,33,0,792794,0,2.37838e+06,792792,3.17117e+06,3.96396e+06,3.17117e+06,2.66056e-07,173681,0,18.2586,309.685,
ReLU,83,728,33,33,0,0,792792,0,0,3.17117e+06,792792,3.17117e+06,5.32111e-08,34736.2,0,91.2929,0,
ReLU,84,728,33,33,0,0,792792,0,0,3.17117e+06,792792,3.17117e+06,5.32111e-08,34736.2,0,91.2929,0,
Conv2d,85,728,33,33,4.76986e+06,5.19437e+09,0,5.19437e+09,0,3.17117e+06,1.70246e+13,2.22506e+07,1.14266,7.45931e+11,2.5578e-05,2.98293e-05,2.02905e+06,
BatchNorm2d,86,728,33,33,0,792794,0,2.37838e+06,792792,3.17117e+06,3.96396e+06,3.17117e+06,2.66056e-07,173681,0,18.2586,309.685,
Conv2d,87,728,33,33,4.76986e+06,5.19437e+09,0,5.19437e+09,0,3.17117e+06,1.70246e+13,2.22506e+07,1.14266,7.45931e+11,2.5578e-05,2.98293e-05,2.02905e+06,
SeparableConv2d,88,728,33,33,5.29984e+06,5.77153e+09,0,5.77153e+09,0,3.17117e+06,1.70257e+13,2.43705e+07,1.14274,7.45982e+11,2.84181e-05,3.26691e-05,2070.25,
BatchNorm2d,89,728,33,33,0,792794,0,2.37838e+06,792792,3.17117e+06,3.96396e+06,3.17117e+06,2.66056e-07,173681,0,18.2586,309.685,
ReLU,90,728,33,33,0,0,792792,0,0,3.17117e+06,792792,3.17117e+06,5.32111e-08,34736.2,0,91.2929,0,
ReLU,91,728,33,33,0,0,792792,0,0,3.17117e+06,792792,3.17117e+06,5.32111e-08,34736.2,0,91.2929,0,
Conv2d,92,728,33,33,4.76986e+06,5.19437e+09,0,5.19437e+09,0,3.17117e+06,1.70246e+13,2.22506e+07,1.14266,7.45931e+11,2.5578e-05,2.98293e-05,2.02905e+06,
BatchNorm2d,93,728,33,33,0,792794,0,2.37838e+06,792792,3.17117e+06,3.96396e+06,3.17117e+06,2.66056e-07,173681,0,18.2586,309.685,
Conv2d,94,728,33,33,4.76986e+06,5.19437e+09,0,5.19437e+09,0,3.17117e+06,1.70246e+13,2.22506e+07,1.14266,7.45931e+11,2.5578e-05,2.98293e-05,2.02905e+06,
SeparableConv2d,95,728,33,33,5.29984e+06,5.77153e+09,0,5.77153e+09,0,3.17117e+06,1.70257e+13,2.43705e+07,1.14274,7.45982e+11,2.84181e-05,3.26691e-05,2070.25,
BatchNorm2d,96,728,33,33,0,792794,0,2.37838e+06,792792,3.17117e+06,3.96396e+06,3.17117e+06,2.66056e-07,173681,0,18.2586,309.685,
Block,97,728,33,33,0,0,0,0,0,0,0,0,0,0,0,0,0,
ReLU,98,728,33,33,0,0,792792,0,0,3.17117e+06,792792,3.17117e+06,5.32111e-08,34736.2,0,91.2929,0,
ReLU,99,728,33,33,0,0,792792,0,0,3.17117e+06,792792,3.17117e+06,5.32111e-08,34736.2,0,91.2929,0,
Conv2d,100,728,33,33,4.76986e+06,5.19437e+09,0,5.19437e+09,0,3.17117e+06,1.70246e+13,2.22506e+07,1.14266,7.45931e+11,2.5578e-05,2.98293e-05,2.02905e+06,
BatchNorm2d,101,728,33,33,0,792794,0,2.37838e+06,792792,3.17117e+06,3.96396e+06,3.17117e+06,2.66056e-07,173681,0,18.2586,309.685,
Conv2d,102,728,33,33,4.76986e+06,5.19437e+09,0,5.19437e+09,0,3.17117e+06,1.70246e+13,2.22506e+07,1.14266,7.45931e+11,2.5578e-05,2.98293e-05,2.02905e+06,
SeparableConv2d,103,728,33,33,5.29984e+06,5.77153e+09,0,5.77153e+09,0,3.17117e+06,1.70257e+13,2.43705e+07,1.14274,7.45982e+11,2.84181e-05,3.26691e-05,2070.25,
BatchNorm2d,104,728,33,33,0,792794,0,2.37838e+06,792792,3.17117e+06,3.96396e+06,3.17117e+06,2.66056e-07,173681,0,18.2586,309.685,
ReLU,105,728,33,33,0,0,792792,0,0,3.17117e+06,792792,3.17117e+06,5.32111e-08,34736.2,0,91.2929,0,
ReLU,106,728,33,33,0,0,792792,0,0,3.17117e+06,792792,3.17117e+06,5.32111e-08,34736.2,0,91.2929,0,
Conv2d,107,728,33,33,4.76986e+06,5.19437e+09,0,5.19437e+09,0,3.17117e+06,1.70246e+13,2.22506e+07,1.14266,7.45931e+11,2.5578e-05,2.98293e-05,2.02905e+06,
BatchNorm2d,108,728,33,33,0,792794,0,2.37838e+06,792792,3.17117e+06,3.96396e+06,3.17117e+06,2.66056e-07,173681,0,18.2586,309.685,
Conv2d,109,728,33,33,4.76986e+06,5.19437e+09,0,5.19437e+09,0,3.17117e+06,1.70246e+13,2.22506e+07,1.14266,7.45931e+11,2.5578e-05,2.98293e-05,2.02905e+06,
SeparableConv2d,110,728,33,33,5.29984e+06,5.77153e+09,0,5.77153e+09,0,3.17117e+06,1.70257e+13,2.43705e+07,1.14274,7.45982e+11,2.84181e-05,3.26691e-05,2070.25,
BatchNorm2d,111,728,33,33,0,792794,0,2.37838e+06,792792,3.17117e+06,3.96396e+06,3.17117e+06,2.66056e-07,173681,0,18.2586,309.685,
ReLU,112,728,33,33,0,0,792792,0,0,3.17117e+06,792792,3.17117e+06,5.32111e-08,34736.2,0,91.2929,0,
ReLU,113,728,33,33,0,0,792792,0,0,3.17117e+06,792792,3.17117e+06,5.32111e-08,34736.2,0,91.2929,0,
Conv2d,114,728,33,33,4.76986e+06,5.19437e+09,0,5.19437e+09,0,3.17117e+06,1.70246e+13,2.22506e+07,1.14266,7.45931e+11,2.5578e-05,2.98293e-05,2.02905e+06,
BatchNorm2d,115,728,33,33,0,792794,0,2.37838e+06,792792,3.17117e+06,3.96396e+06,3.17117e+06,2.66056e-07,173681,0,18.2586,309.685,
Conv2d,116,728,33,33,4.76986e+06,5.19437e+09,0,5.19437e+09,0,3.17117e+06,1.70246e+13,2.22506e+07,1.14266,7.45931e+11,2.5578e-05,2.98293e-05,2.02905e+06,
SeparableConv2d,117,728,33,33,5.29984e+06,5.77153e+09,0,5.77153e+09,0,3.17117e+06,1.70257e+13,2.43705e+07,1.14274,7.45982e+11,2.84181e-05,3.26691e-05,2070.25,
BatchNorm2d,118,728,33,33,0,792794,0,2.37838e+06,792792,3.17117e+06,3.96396e+06,3.17117e+06,2.66056e-07,173681,0,18.2586,309.685,
Block,119,728,33,33,0,0,0,0,0,0,0,0,0,0,0,0,0,
ReLU,120,728,33,33,0,0,792792,0,0,3.17117e+06,792792,3.17117e+06,5.32111e-08,34736.2,0,91.2929,0,
ReLU,121,728,33,33,0,0,792792,0,0,3.17117e+06,792792,3.17117e+06,5.32111e-08,34736.2,0,91.2929,0,
Conv2d,122,728,33,33,4.76986e+06,5.19437e+09,0,5.19437e+09,0,3.17117e+06,1.70246e+13,2.22506e+07,1.14266,7.45931e+11,2.5578e-05,2.98293e-05,2.02905e+06,
BatchNorm2d,123,728,33,33,0,792794,0,2.37838e+06,792792,3.17117e+06,3.96396e+06,3.17117e+06,2.66056e-07,173681,0,18.2586,309.685,
Conv2d,124,728,33,33,4.76986e+06,5.19437e+09,0,5.19437e+09,0,3.17117e+06,1.70246e+13,2.22506e+07,1.14266,7.45931e+11,2.5578e-05,2.98293e-05,2.02905e+06,
SeparableConv2d,125,728,33,33,5.29984e+06,5.77153e+09,0,5.77153e+09,0,3.17117e+06,1.70257e+13,2.43705e+07,1.14274,7.45982e+11,2.84181e-05,3.26691e-05,2070.25,
BatchNorm2d,126,728,33,33,0,792794,0,2.37838e+06,792792,3.17117e+06,3.96396e+06,3.17117e+06,2.66056e-07,173681,0,18.2586,309.685,
ReLU,127,728,33,33,0,0,792792,0,0,3.17117e+06,792792,3.17117e+06,5.32111e-08,34736.2,0,91.2929,0,
ReLU,128,728,33,33,0,0,792792,0,0,3.17117e+06,792792,3.17117e+06,5.32111e-08,34736.2,0,91.2929,0,
Conv2d,129,728,33,33,4.76986e+06,5.19437e+09,0,5.19437e+09,0,3.17117e+06,1.70246e+13,2.22506e+07,1.14266,7.45931e+11,2.5578e-05,2.98293e-05,2.02905e+06,
BatchNorm2d,130,728,33,33,0,792794,0,2.37838e+06,792792,3.17117e+06,3.96396e+06,3.17117e+06,2.66056e-07,173681,0,18.2586,309.685,
Conv2d,131,728,33,33,4.76986e+06,5.19437e+09,0,5.19437e+09,0,3.17117e+06,1.70246e+13,2.22506e+07,1.14266,7.45931e+11,2.5578e-05,2.98293e-05,2.02905e+06,
SeparableConv2d,132,728,33,33,5.29984e+06,5.77153e+09,0,5.77153e+09,0,3.17117e+06,1.70257e+13,2.43705e+07,1.14274,7.45982e+11,2.84181e-05,3.26691e-05,2070.25,
BatchNorm2d,133,728,33,33,0,792794,0,2.37838e+06,792792,3.17117e+06,3.96396e+06,3.17117e+06,2.66056e-07,173681,0,18.2586,309.685,
ReLU,134,728,33,33,0,0,792792,0,0,3.17117e+06,792792,3.17117e+06,5.32111e-08,34736.2,0,91.2929,0,
ReLU,135,728,33,33,0,0,792792,0,0,3.17117e+06,792792,3.17117e+06,5.32111e-08,34736.2,0,91.2929,0,
Conv2d,136,728,33,33,4.76986e+06,5.19437e+09,0,5.19437e+09,0,3.17117e+06,1.70246e+13,2.22506e+07,1.14266,7.45931e+11,2.5578e-05,2.98293e-05,2.02905e+06,
BatchNorm2d,137,728,33,33,0,792794,0,2.37838e+06,792792,3.17117e+06,3.96396e+06,3.17117e+06,2.66056e-07,173681,0,18.2586,309.685,
Conv2d,138,728,33,33,4.76986e+06,5.19437e+09,0,5.19437e+09,0,3.17117e+06,1.70246e+13,2.22506e+07,1.14266,7.45931e+11,2.5578e-05,2.98293e-05,2.02905e+06,
SeparableConv2d,139,728,33,33,5.29984e+06,5.77153e+09,0,5.77153e+09,0,3.17117e+06,1.70257e+13,2.43705e+07,1.14274,7.45982e+11,2.84181e-05,3.26691e-05,2070.25,
BatchNorm2d,140,728,33,33,0,792794,0,2.37838e+06,792792,3.17117e+06,3.96396e+06,3.17117e+06,2.66056e-07,173681,0,18.2586,309.685,
Block,141,728,33,33,0,0,0,0,0,0,0,0,0,0,0,0,0,
ReLU,142,728,33,33,0,0,792792,0,0,3.17117e+06,792792,3.17117e+06,5.32111e-08,34736.2,0,91.2929,0,
ReLU,143,728,33,33,0,0,792792,0,0,3.17117e+06,792792,3.17117e+06,5.32111e-08,34736.2,0,91.2929,0,
Conv2d,144,728,33,33,4.76986e+06,5.19437e+09,0,5.19437e+09,0,3.17117e+06,1.70246e+13,2.22506e+07,1.14266,7.45931e+11,2.5578e-05,2.98293e-05,2.02905e+06,
BatchNorm2d,145,728,33,33,0,792794,0,2.37838e+06,792792,3.17117e+06,3.96396e+06,3.17117e+06,2.66056e-07,173681,0,18.2586,309.685,
Conv2d,146,728,33,33,4.76986e+06,5.19437e+09,0,5.19437e+09,0,3.17117e+06,1.70246e+13,2.22506e+07,1.14266,7.45931e+11,2.5578e-05,2.98293e-05,2.02905e+06,
SeparableConv2d,147,728,33,33,5.29984e+06,5.77153e+09,0,5.77153e+09,0,3.17117e+06,1.70257e+13,2.43705e+07,1.14274,7.45982e+11,2.84181e-05,3.26691e-05,2070.25,
BatchNorm2d,148,728,33,33,0,792794,0,2.37838e+06,792792,3.17117e+06,3.96396e+06,3.17117e+06,2.66056e-07,173681,0,18.2586,309.685,
ReLU,149,728,33,33,0,0,792792,0,0,3.17117e+06,792792,3.17117e+06,5.32111e-08,34736.2,0,91.2929,0,
ReLU,150,728,33,33,0,0,792792,0,0,3.17117e+06,792792,3.17117e+06,5.32111e-08,34736.2,0,91.2929,0,
Conv2d,151,728,33,33,4.76986e+06,5.19437e+09,0,5.19437e+09,0,3.17117e+06,1.70246e+13,2.22506e+07,1.14266,7.45931e+11,2.5578e-05,2.98293e-05,2.02905e+06,
BatchNorm2d,152,728,33,33,0,792794,0,2.37838e+06,792792,3.17117e+06,3.96396e+06,3.17117e+06,2.66056e-07,173681,0,18.2586,309.685,
Conv2d,153,728,33,33,4.76986e+06,5.19437e+09,0,5.19437e+09,0,3.17117e+06,1.70246e+13,2.22506e+07,1.14266,7.45931e+11,2.5578e-05,2.98293e-05,2.02905e+06,
SeparableConv2d,154,728,33,33,5.29984e+06,5.77153e+09,0,5.77153e+09,0,3.17117e+06,1.70257e+13,2.43705e+07,1.14274,7.45982e+11,2.84181e-05,3.26691e-05,2070.25,
BatchNorm2d,155,728,33,33,0,792794,0,2.37838e+06,792792,3.17117e+06,3.96396e+06,3.17117e+06,2.66056e-07,173681,0,18.2586,309.685,
ReLU,156,728,33,33,0,0,792792,0,0,3.17117e+06,792792,3.17117e+06,5.32111e-08,34736.2,0,91.2929,0,
ReLU,157,728,33,33,0,0,792792,0,0,3.17117e+06,792792,3.17117e+06,5.32111e-08,34736.2,0,91.2929,0,
Conv2d,158,728,33,33,4.76986e+06,5.19437e+09,0,5.19437e+09,0,3.17117e+06,1.70246e+13,2.22506e+07,1.14266,7.45931e+11,2.5578e-05,2.98293e-05,2.02905e+06,
BatchNorm2d,159,728,33,33,0,792794,0,2.37838e+06,792792,3.17117e+06,3.96396e+06,3.17117e+06,2.66056e-07,173681,0,18.2586,309.685,
Conv2d,160,728,33,33,4.76986e+06,5.19437e+09,0,5.19437e+09,0,3.17117e+06,1.70246e+13,2.22506e+07,1.14266,7.45931e+11,2.5578e-05,2.98293e-05,2.02905e+06,
SeparableConv2d,161,728,33,33,5.29984e+06,5.77153e+09,0,5.77153e+09,0,3.17117e+06,1.70257e+13,2.43705e+07,1.14274,7.45982e+11,2.84181e-05,3.26691e-05,2070.25,
BatchNorm2d,162,728,33,33,0,792794,0,2.37838e+06,792792,3.17117e+06,3.96396e+06,3.17117e+06,2.66056e-07,173681,0,18.2586,309.685,
Block,163,728,33,33,0,0,0,0,0,0,0,0,0,0,0,0,0,
ReLU,164,728,33,33,0,0,792792,0,0,3.17117e+06,792792,3.17117e+06,5.32111e-08,34736.2,0,91.2929,0,
ReLU,165,728,33,33,0,0,792792,0,0,3.17117e+06,792792,3.17117e+06,5.32111e-08,34736.2,0,91.2929,0,
Conv2d,166,728,33,33,4.76986e+06,5.19437e+09,0,5.19437e+09,0,3.17117e+06,1.70246e+13,2.22506e+07,1.14266,7.45931e+11,2.5578e-05,2.98293e-05,2.02905e+06,
BatchNorm2d,167,728,33,33,0,792794,0,2.37838e+06,792792,3.17117e+06,3.96396e+06,3.17117e+06,2.66056e-07,173681,0,18.2586,309.685,
Conv2d,168,728,33,33,4.76986e+06,5.19437e+09,0,5.19437e+09,0,3.17117e+06,1.70246e+13,2.22506e+07,1.14266,7.45931e+11,2.5578e-05,2.98293e-05,2.02905e+06,
SeparableConv2d,169,728,33,33,5.29984e+06,5.77153e+09,0,5.77153e+09,0,3.17117e+06,1.70257e+13,2.43705e+07,1.14274,7.45982e+11,2.84181e-05,3.26691e-05,2070.25,
BatchNorm2d,170,728,33,33,0,792794,0,2.37838e+06,792792,3.17117e+06,3.96396e+06,3.17117e+06,2.66056e-07,173681,0,18.2586,309.685,
ReLU,171,728,33,33,0,0,792792,0,0,3.17117e+06,792792,3.17117e+06,5.32111e-08,34736.2,0,91.2929,0,
ReLU,172,728,33,33,0,0,792792,0,0,3.17117e+06,792792,3.17117e+06,5.32111e-08,34736.2,0,91.2929,0,
Conv2d,173,728,33,33,4.76986e+06,5.19437e+09,0,5.19437e+09,0,3.17117e+06,1.70246e+13,2.22506e+07,1.14266,7.45931e+11,2.5578e-05,2.98293e-05,2.02905e+06,
BatchNorm2d,174,728,33,33,0,792794,0,2.37838e+06,792792,3.17117e+06,3.96396e+06,3.17117e+06,2.66056e-07,173681,0,18.2586,309.685,
Conv2d,175,728,33,33,4.76986e+06,5.19437e+09,0,5.19437e+09,0,3.17117e+06,1.70246e+13,2.22506e+07,1.14266,7.45931e+11,2.5578e-05,2.98293e-05,2.02905e+06,
SeparableConv2d,176,728,33,33,5.29984e+06,5.77153e+09,0,5.77153e+09,0,3.17117e+06,1.70257e+13,2.43705e+07,1.14274,7.45982e+11,2.84181e-05,3.26691e-05,2070.25,
BatchNorm2d,177,728,33,33,0,792794,0,2.37838e+06,792792,3.17117e+06,3.96396e+06,3.17117e+06,2.66056e-07,173681,0,18.2586,309.685,
ReLU,178,728,33,33,0,0,792792,0,0,3.17117e+06,792792,3.17117e+06,5.32111e-08,34736.2,0,91.2929,0,
ReLU,179,728,33,33,0,0,792792,0,0,3.17117e+06,792792,3.17117e+06,5.32111e-08,34736.2,0,91.2929,0,
Conv2d,180,728,33,33,4.76986e+06,5.19437e+09,0,5.19437e+09,0,3.17117e+06,1.70246e+13,2.22506e+07,1.14266,7.45931e+11,2.5578e-05,2.98293e-05,2.02905e+06,
BatchNorm2d,181,728,33,33,0,792794,0,2.37838e+06,792792,3.17117e+06,3.96396e+06,3.17117e+06,2.66056e-07,173681,0,18.2586,309.685,
Conv2d,182,728,33,33,4.76986e+06,5.19437e+09,0,5.19437e+09,0,3.17117e+06,1.70246e+13,2.22506e+07,1.14266,7.45931e+11,2.5578e-05,2.98293e-05,2.02905e+06,
SeparableConv2d,183,728,33,33,5.29984e+06,5.77153e+09,0,5.77153e+09,0,3.17117e+06,1.70257e+13,2.43705e+07,1.14274,7.45982e+11,2.84181e-05,3.26691e-05,2070.25,
BatchNorm2d,184,728,33,33,0,792794,0,2.37838e+06,792792,3.17117e+06,3.96396e+06,3.17117e+06,2.66056e-07,173681,0,18.2586,309.685,
Block,185,728,33,33,0,0,0,0,0,0,0,0,0,0,0,0,0,
ReLU,186,728,33,33,0,0,792792,0,0,3.17117e+06,792792,3.17117e+06,5.32111e-08,34736.2,0,91.2929,0,
ReLU,187,728,33,33,0,0,792792,0,0,3.17117e+06,792792,3.17117e+06,5.32111e-08,34736.2,0,91.2929,0,
Conv2d,188,728,33,33,4.76986e+06,5.19437e+09,0,5.19437e+09,0,3.17117e+06,1.70246e+13,2.22506e+07,1.14266,7.45931e+11,2.5578e-05,2.98293e-05,2.02905e+06,
BatchNorm2d,189,728,33,33,0,792794,0,2.37838e+06,792792,3.17117e+06,3.96396e+06,3.17117e+06,2.66056e-07,173681,0,18.2586,309.685,
Conv2d,190,728,33,33,4.76986e+06,5.19437e+09,0,5.19437e+09,0,3.17117e+06,1.70246e+13,2.22506e+07,1.14266,7.45931e+11,2.5578e-05,2.98293e-05,2.02905e+06,
SeparableConv2d,191,728,33,33,5.29984e+06,5.77153e+09,0,5.77153e+09,0,3.17117e+06,1.70257e+13,2.43705e+07,1.14274,7.45982e+11,2.84181e-05,3.26691e-05,2070.25,
BatchNorm2d,192,728,33,33,0,792794,0,2.37838e+06,792792,3.17117e+06,3.96396e+06,3.17117e+06,2.66056e-07,173681,0,18.2586,309.685,
ReLU,193,728,33,33,0,0,792792,0,0,3.17117e+06,792792,3.17117e+06,5.32111e-08,34736.2,0,91.2929,0,
ReLU,194,728,33,33,0,0,792792,0,0,3.17117e+06,792792,3.17117e+06,5.32111e-08,34736.2,0,91.2929,0,
Conv2d,195,728,33,33,4.76986e+06,5.19437e+09,0,5.19437e+09,0,3.17117e+06,1.70246e+13,2.22506e+07,1.14266,7.45931e+11,2.5578e-05,2.98293e-05,2.02905e+06,
BatchNorm2d,196,728,33,33,0,792794,0,2.37838e+06,792792,3.17117e+06,3.96396e+06,3.17117e+06,2.66056e-07,173681,0,18.2586,309.685,
Conv2d,197,728,33,33,4.76986e+06,5.19437e+09,0,5.19437e+09,0,3.17117e+06,1.70246e+13,2.22506e+07,1.14266,7.45931e+11,2.5578e-05,2.98293e-05,2.02905e+06,
SeparableConv2d,198,728,33,33,5.29984e+06,5.77153e+09,0,5.77153e+09,0,3.17117e+06,1.70257e+13,2.43705e+07,1.14274,7.45982e+11,2.84181e-05,3.26691e-05,2070.25,
BatchNorm2d,199,728,33,33,0,792794,0,2.37838e+06,792792,3.17117e+06,3.96396e+06,3.17117e+06,2.66056e-07,173681,0,18.2586,309.685,
ReLU,200,728,33,33,0,0,792792,0,0,3.17117e+06,792792,3.17117e+06,5.32111e-08,34736.2,0,91.2929,0,
ReLU,201,728,33,33,0,0,792792,0,0,3.17117e+06,792792,3.17117e+06,5.32111e-08,34736.2,0,91.2929,0,
Conv2d,202,728,33,33,4.76986e+06,5.19437e+09,0,5.19437e+09,0,3.17117e+06,1.70246e+13,2.22506e+07,1.14266,7.45931e+11,2.5578e-05,2.98293e-05,2.02905e+06,
BatchNorm2d,203,728,33,33,0,792794,0,2.37838e+06,792792,3.17117e+06,3.96396e+06,3.17117e+06,2.66056e-07,173681,0,18.2586,309.685,
Conv2d,204,728,33,33,4.76986e+06,5.19437e+09,0,5.19437e+09,0,3.17117e+06,1.70246e+13,2.22506e+07,1.14266,7.45931e+11,2.5578e-05,2.98293e-05,2.02905e+06,
SeparableConv2d,205,728,33,33,5.29984e+06,5.77153e+09,0,5.77153e+09,0,3.17117e+06,1.70257e+13,2.43705e+07,1.14274,7.45982e+11,2.84181e-05,3.26691e-05,2070.25,
BatchNorm2d,206,728,33,33,0,792794,0,2.37838e+06,792792,3.17117e+06,3.96396e+06,3.17117e+06,2.66056e-07,173681,0,18.2586,309.685,
Block,207,728,33,33,0,0,0,0,0,0,0,0,0,0,0,0,0,
ReLU,208,728,33,33,0,0,792792,0,0,3.17117e+06,792792,3.17117e+06,5.32111e-08,34736.2,0,91.2929,0,
ReLU,209,728,33,33,0,0,792792,0,0,3.17117e+06,792792,3.17117e+06,5.32111e-08,34736.2,0,91.2929,0,
Conv2d,210,728,33,33,4.76986e+06,5.19437e+09,0,5.19437e+09,0,3.17117e+06,1.70246e+13,2.22506e+07,1.14266,7.45931e+11,2.5578e-05,2.98293e-05,2.02905e+06,
BatchNorm2d,211,728,33,33,0,792794,0,2.37838e+06,792792,3.17117e+06,3.96396e+06,3.17117e+06,2.66056e-07,173681,0,18.2586,309.685,
Conv2d,212,728,33,33,4.76986e+06,5.19437e+09,0,5.19437e+09,0,3.17117e+06,1.70246e+13,2.22506e+07,1.14266,7.45931e+11,2.5578e-05,2.98293e-05,2.02905e+06,
SeparableConv2d,213,728,33,33,5.29984e+06,5.77153e+09,0,5.77153e+09,0,3.17117e+06,1.70257e+13,2.43705e+07,1.14274,7.45982e+11,2.84181e-05,3.26691e-05,2070.25,
BatchNorm2d,214,728,33,33,0,792794,0,2.37838e+06,792792,3.17117e+06,3.96396e+06,3.17117e+06,2.66056e-07,173681,0,18.2586,309.685,
ReLU,215,728,33,33,0,0,792792,0,0,3.17117e+06,792792,3.17117e+06,5.32111e-08,34736.2,0,91.2929,0,
ReLU,216,728,33,33,0,0,792792,0,0,3.17117e+06,792792,3.17117e+06,5.32111e-08,34736.2,0,91.2929,0,
Conv2d,217,728,33,33,4.76986e+06,5.19437e+09,0,5.19437e+09,0,3.17117e+06,1.70246e+13,2.22506e+07,1.14266,7.45931e+11,2.5578e-05,2.98293e-05,2.02905e+06,
BatchNorm2d,218,728,33,33,0,792794,0,2.37838e+06,792792,3.17117e+06,3.96396e+06,3.17117e+06,2.66056e-07,173681,0,18.2586,309.685,
Conv2d,219,728,33,33,4.76986e+06,5.19437e+09,0,5.19437e+09,0,3.17117e+06,1.70246e+13,2.22506e+07,1.14266,7.45931e+11,2.5578e-05,2.98293e-05,2.02905e+06,
SeparableConv2d,220,728,33,33,5.29984e+06,5.77153e+09,0,5.77153e+09,0,3.17117e+06,1.70257e+13,2.43705e+07,1.14274,7.45982e+11,2.84181e-05,3.26691e-05,2070.25,
BatchNorm2d,221,728,33,33,0,792794,0,2.37838e+06,792792,3.17117e+06,3.96396e+06,3.17117e+06,2.66056e-07,173681,0,18.2586,309.685,
ReLU,222,728,33,33,0,0,792792,0,0,3.17117e+06,792792,3.17117e+06,5.32111e-08,34736.2,0,91.2929,0,
ReLU,223,728,33,33,0,0,792792,0,0,3.17117e+06,792792,3.17117e+06,5.32111e-08,34736.2,0,91.2929,0,
Conv2d,224,728,33,33,4.76986e+06,5.19437e+09,0,5.19437e+09,0,3.17117e+06,1.70246e+13,2.22506e+07,1.14266,7.45931e+11,2.5578e-05,2.98293e-05,2.02905e+06,
BatchNorm2d,225,728,33,33,0,792794,0,2.37838e+06,792792,3.17117e+06,3.96396e+06,3.17117e+06,2.66056e-07,173681,0,18.2586,309.685,
Conv2d,226,728,33,33,4.76986e+06,5.19437e+09,0,5.19437e+09,0,3.17117e+06,1.70246e+13,2.22506e+07,1.14266,7.45931e+11,2.5578e-05,2.98293e-05,2.02905e+06,
SeparableConv2d,227,728,33,33,5.29984e+06,5.77153e+09,0,5.77153e+09,0,3.17117e+06,1.70257e+13,2.43705e+07,1.14274,7.45982e+11,2.84181e-05,3.26691e-05,2070.25,
BatchNorm2d,228,728,33,33,0,792794,0,2.37838e+06,792792,3.17117e+06,3.96396e+06,3.17117e+06,2.66056e-07,173681,0,18.2586,309.685,
Block,229,728,33,33,0,0,0,0,0,0,0,0,0,0,0,0,0,
ReLU,230,728,33,33,0,0,792792,0,0,3.17117e+06,792792,3.17117e+06,5.32111e-08,34736.2,0,91.2929,0,
ReLU,231,728,33,33,0,0,792792,0,0,3.17117e+06,792792,3.17117e+06,5.32111e-08,34736.2,0,91.2929,0,
Conv2d,232,728,33,33,4.76986e+06,5.19437e+09,0,5.19437e+09,0,3.17117e+06,1.70246e+13,2.22506e+07,1.14266,7.45931e+11,2.5578e-05,2.98293e-05,2.02905e+06,
BatchNorm2d,233,728,33,33,0,792794,0,2.37838e+06,792792,3.17117e+06,3.96396e+06,3.17117e+06,2.66056e-07,173681,0,18.2586,309.685,
Conv2d,234,728,33,33,4.76986e+06,5.19437e+09,0,5.19437e+09,0,3.17117e+06,1.70246e+13,2.22506e+07,1.14266,7.45931e+11,2.5578e-05,2.98293e-05,2.02905e+06,
SeparableConv2d,235,728,33,33,5.29984e+06,5.77153e+09,0,5.77153e+09,0,3.17117e+06,1.70257e+13,2.43705e+07,1.14274,7.45982e+11,2.84181e-05,3.26691e-05,2070.25,
BatchNorm2d,236,728,33,33,0,792794,0,2.37838e+06,792792,3.17117e+06,3.96396e+06,3.17117e+06,2.66056e-07,173681,0,18.2586,309.685,
ReLU,237,728,33,33,0,0,792792,0,0,3.17117e+06,792792,3.17117e+06,5.32111e-08,34736.2,0,91.2929,0,
ReLU,238,728,33,33,0,0,792792,0,0,3.17117e+06,792792,3.17117e+06,5.32111e-08,34736.2,0,91.2929,0,
Conv2d,239,728,33,33,4.76986e+06,5.19437e+09,0,5.19437e+09,0,3.17117e+06,1.70246e+13,2.22506e+07,1.14266,7.45931e+11,2.5578e-05,2.98293e-05,2.02905e+06,
BatchNorm2d,240,728,33,33,0,792794,0,2.37838e+06,792792,3.17117e+06,3.96396e+06,3.17117e+06,2.66056e-07,173681,0,18.2586,309.685,
Conv2d,241,728,33,33,4.76986e+06,5.19437e+09,0,5.19437e+09,0,3.17117e+06,1.70246e+13,2.22506e+07,1.14266,7.45931e+11,2.5578e-05,2.98293e-05,2.02905e+06,
SeparableConv2d,242,728,33,33,5.29984e+06,5.77153e+09,0,5.77153e+09,0,3.17117e+06,1.70257e+13,2.43705e+07,1.14274,7.45982e+11,2.84181e-05,3.26691e-05,2070.25,
BatchNorm2d,243,728,33,33,0,792794,0,2.37838e+06,792792,3.17117e+06,3.96396e+06,3.17117e+06,2.66056e-07,173681,0,18.2586,309.685,
ReLU,244,728,33,33,0,0,792792,0,0,3.17117e+06,792792,3.17117e+06,5.32111e-08,34736.2,0,91.2929,0,
ReLU,245,728,33,33,0,0,792792,0,0,3.17117e+06,792792,3.17117e+06,5.32111e-08,34736.2,0,91.2929,0,
Conv2d,246,728,33,33,4.76986e+06,5.19437e+09,0,5.19437e+09,0,3.17117e+06,1.70246e+13,2.22506e+07,1.14266,7.45931e+11,2.5578e-05,2.98293e-05,2.02905e+06,
BatchNorm2d,247,728,33,33,0,792794,0,2.37838e+06,792792,3.17117e+06,3.96396e+06,3.17117e+06,2.66056e-07,173681,0,18.2586,309.685,
Conv2d,248,728,33,33,4.76986e+06,5.19437e+09,0,5.19437e+09,0,3.17117e+06,1.70246e+13,2.22506e+07,1.14266,7.45931e+11,2.5578e-05,2.98293e-05,2.02905e+06,
SeparableConv2d,249,728,33,33,5.29984e+06,5.77153e+09,0,5.77153e+09,0,3.17117e+06,1.70257e+13,2.43705e+07,1.14274,7.45982e+11,2.84181e-05,3.26691e-05,2070.25,
BatchNorm2d,250,728,33,33,0,792794,0,2.37838e+06,792792,3.17117e+06,3.96396e+06,3.17117e+06,2.66056e-07,173681,0,18.2586,309.685,
Block,251,728,33,33,0,0,0,0,0,0,0,0,0,0,0,0,0,
ReLU,252,728,33,33,0,0,792792,0,0,3.17117e+06,792792,3.17117e+06,5.32111e-08,34736.2,0,91.2929,0,
ReLU,253,728,33,33,0,0,792792,0,0,3.17117e+06,792792,3.17117e+06,5.32111e-08,34736.2,0,91.2929,0,
Conv2d,254,728,33,33,4.76986e+06,5.19437e+09,0,5.19437e+09,0,3.17117e+06,1.70246e+13,2.22506e+07,1.14266,7.45931e+11,2.5578e-05,2.98293e-05,2.02905e+06,
BatchNorm2d,255,728,33,33,0,792794,0,2.37838e+06,792792,3.17117e+06,3.96396e+06,3.17117e+06,2.66056e-07,173681,0,18.2586,309.685,
Conv2d,256,728,33,33,4.76986e+06,5.19437e+09,0,5.19437e+09,0,3.17117e+06,1.70246e+13,2.22506e+07,1.14266,7.45931e+11,2.5578e-05,2.98293e-05,2.02905e+06,
SeparableConv2d,257,728,33,33,5.29984e+06,5.77153e+09,0,5.77153e+09,0,3.17117e+06,1.70257e+13,2.43705e+07,1.14274,7.45982e+11,2.84181e-05,3.26691e-05,2070.25,
BatchNorm2d,258,728,33,33,0,792794,0,2.37838e+06,792792,3.17117e+06,3.96396e+06,3.17117e+06,2.66056e-07,173681,0,18.2586,309.685,
ReLU,259,728,33,33,0,0,792792,0,0,3.17117e+06,792792,3.17117e+06,5.32111e-08,34736.2,0,91.2929,0,
ReLU,260,728,33,33,0,0,792792,0,0,3.17117e+06,792792,3.17117e+06,5.32111e-08,34736.2,0,91.2929,0,
Conv2d,261,728,33,33,4.76986e+06,5.19437e+09,0,5.19437e+09,0,3.17117e+06,1.70246e+13,2.22506e+07,1.14266,7.45931e+11,2.5578e-05,2.98293e-05,2.02905e+06,
BatchNorm2d,262,728,33,33,0,792794,0,2.37838e+06,792792,3.17117e+06,3.96396e+06,3.17117e+06,2.66056e-07,173681,0,18.2586,309.685,
Conv2d,263,728,33,33,4.76986e+06,5.19437e+09,0,5.19437e+09,0,3.17117e+06,1.70246e+13,2.22506e+07,1.14266,7.45931e+11,2.5578e-05,2.98293e-05,2.02905e+06,
SeparableConv2d,264,728,33,33,5.29984e+06,5.77153e+09,0,5.77153e+09,0,3.17117e+06,1.70257e+13,2.43705e+07,1.14274,7.45982e+11,2.84181e-05,3.26691e-05,2070.25,
BatchNorm2d,265,728,33,33,0,792794,0,2.37838e+06,792792,3.17117e+06,3.96396e+06,3.17117e+06,2.66056e-07,173681,0,18.2586,309.685,
ReLU,266,728,33,33,0,0,792792,0,0,3.17117e+06,792792,3.17117e+06,5.32111e-08,34736.2,0,91.2929,0,
ReLU,267,728,33,33,0,0,792792,0,0,3.17117e+06,792792,3.17117e+06,5.32111e-08,34736.2,0,91.2929,0,
Conv2d,268,728,33,33,4.76986e+06,5.19437e+09,0,5.19437e+09,0,3.17117e+06,1.70246e+13,2.22506e+07,1.14266,7.45931e+11,2.5578e-05,2.98293e-05,2.02905e+06,
BatchNorm2d,269,728,33,33,0,792794,0,2.37838e+06,792792,3.17117e+06,3.96396e+06,3.17117e+06,2.66056e-07,173681,0,18.2586,309.685,
Conv2d,270,728,33,33,4.76986e+06,5.19437e+09,0,5.19437e+09,0,3.17117e+06,1.70246e+13,2.22506e+07,1.14266,7.45931e+11,2.5578e-05,2.98293e-05,2.02905e+06,
SeparableConv2d,271,728,33,33,5.29984e+06,5.77153e+09,0,5.77153e+09,0,3.17117e+06,1.70257e+13,2.43705e+07,1.14274,7.45982e+11,2.84181e-05,3.26691e-05,2070.25,
BatchNorm2d,272,728,33,33,0,792794,0,2.37838e+06,792792,3.17117e+06,3.96396e+06,3.17117e+06,2.66056e-07,173681,0,18.2586,309.685,
Block,273,728,33,33,0,0,0,0,0,0,0,0,0,0,0,0,0,
ReLU,274,728,33,33,0,0,792792,0,0,3.17117e+06,792792,3.17117e+06,5.32111e-08,34736.2,0,91.2929,0,
ReLU,275,728,33,33,0,0,792792,0,0,3.17117e+06,792792,3.17117e+06,5.32111e-08,34736.2,0,91.2929,0,
Conv2d,276,728,33,33,4.76986e+06,5.19437e+09,0,5.19437e+09,0,3.17117e+06,1.70246e+13,2.22506e+07,1.14266,7.45931e+11,2.5578e-05,2.98293e-05,2.02905e+06,
BatchNorm2d,277,728,33,33,0,792794,0,2.37838e+06,792792,3.17117e+06,3.96396e+06,3.17117e+06,2.66056e-07,173681,0,18.2586,309.685,
Conv2d,278,728,33,33,4.76986e+06,5.19437e+09,0,5.19437e+09,0,3.17117e+06,1.70246e+13,2.22506e+07,1.14266,7.45931e+11,2.5578e-05,2.98293e-05,2.02905e+06,
SeparableConv2d,279,728,33,33,5.29984e+06,5.77153e+09,0,5.77153e+09,0,3.17117e+06,1.70257e+13,2.43705e+07,1.14274,7.45982e+11,2.84181e-05,3.26691e-05,2070.25,
BatchNorm2d,280,728,33,33,0,792794,0,2.37838e+06,792792,3.17117e+06,3.96396e+06,3.17117e+06,2.66056e-07,173681,0,18.2586,309.685,
ReLU,281,728,33,33,0,0,792792,0,0,3.17117e+06,792792,3.17117e+06,5.32111e-08,34736.2,0,91.2929,0,
ReLU,282,728,33,33,0,0,792792,0,0,3.17117e+06,792792,3.17117e+06,5.32111e-08,34736.2,0,91.2929,0,
Conv2d,283,728,33,33,4.76986e+06,5.19437e+09,0,5.19437e+09,0,3.17117e+06,1.70246e+13,2.22506e+07,1.14266,7.45931e+11,2.5578e-05,2.98293e-05,2.02905e+06,
BatchNorm2d,284,728,33,33,0,792794,0,2.37838e+06,792792,3.17117e+06,3.96396e+06,3.17117e+06,2.66056e-07,173681,0,18.2586,309.685,
Conv2d,285,728,33,33,4.76986e+06,5.19437e+09,0,5.19437e+09,0,3.17117e+06,1.70246e+13,2.22506e+07,1.14266,7.45931e+11,2.5578e-05,2.98293e-05,2.02905e+06,
SeparableConv2d,286,728,33,33,5.29984e+06,5.77153e+09,0,5.77153e+09,0,3.17117e+06,1.70257e+13,2.43705e+07,1.14274,7.45982e+11,2.84181e-05,3.26691e-05,2070.25,
BatchNorm2d,287,728,33,33,0,792794,0,2.37838e+06,792792,3.17117e+06,3.96396e+06,3.17117e+06,2.66056e-07,173681,0,18.2586,309.685,
ReLU,288,728,33,33,0,0,792792,0,0,3.17117e+06,792792,3.17117e+06,5.32111e-08,34736.2,0,91.2929,0,
ReLU,289,728,33,33,0,0,792792,0,0,3.17117e+06,792792,3.17117e+06,5.32111e-08,34736.2,0,91.2929,0,
Conv2d,290,728,33,33,4.76986e+06,5.19437e+09,0,5.19437e+09,0,3.17117e+06,1.70246e+13,2.22506e+07,1.14266,7.45931e+11,2.5578e-05,2.98293e-05,2.02905e+06,
BatchNorm2d,291,728,33,33,0,792794,0,2.37838e+06,792792,3.17117e+06,3.96396e+06,3.17117e+06,2.66056e-07,173681,0,18.2586,309.685,
Conv2d,292,728,33,33,4.76986e+06,5.19437e+09,0,5.19437e+09,0,3.17117e+06,1.70246e+13,2.22506e+07,1.14266,7.45931e+11,2.5578e-05,2.98293e-05,2.02905e+06,
SeparableConv2d,293,728,33,33,5.29984e+06,5.77153e+09,0,5.77153e+09,0,3.17117e+06,1.70257e+13,2.43705e+07,1.14274,7.45982e+11,2.84181e-05,3.26691e-05,2070.25,
BatchNorm2d,294,728,33,33,0,792794,0,2.37838e+06,792792,3.17117e+06,3.96396e+06,3.17117e+06,2.66056e-07,173681,0,18.2586,309.685,
Block,295,728,33,33,0,0,0,0,0,0,0,0,0,0,0,0,0,
ReLU,296,728,33,33,0,0,792792,0,0,3.17117e+06,792792,3.17117e+06,5.32111e-08,34736.2,0,91.2929,0,
ReLU,297,728,33,33,0,0,792792,0,0,3.17117e+06,792792,3.17117e+06,5.32111e-08,34736.2,0,91.2929,0,
Conv2d,298,728,33,33,4.76986e+06,5.19437e+09,0,5.19437e+09,0,3.17117e+06,1.70246e+13,2.22506e+07,1.14266,7.45931e+11,2.5578e-05,2.98293e-05,2.02905e+06,
BatchNorm2d,299,728,33,33,0,792794,0,2.37838e+06,792792,3.17117e+06,3.96396e+06,3.17117e+06,2.66056e-07,173681,0,18.2586,309.685,
Conv2d,300,728,33,33,4.76986e+06,5.19437e+09,0,5.19437e+09,0,3.17117e+06,1.70246e+13,2.22506e+07,1.14266,7.45931e+11,2.5578e-05,2.98293e-05,2.02905e+06,
SeparableConv2d,301,728,33,33,5.29984e+06,5.77153e+09,0,5.77153e+09,0,3.17117e+06,1.70257e+13,2.43705e+07,1.14274,7.45982e+11,2.84181e-05,3.26691e-05,2070.25,
BatchNorm2d,302,728,33,33,0,792794,0,2.37838e+06,792792,3.17117e+06,3.96396e+06,3.17117e+06,2.66056e-07,173681,0,18.2586,309.685,
ReLU,303,728,33,33,0,0,792792,0,0,3.17117e+06,792792,3.17117e+06,5.32111e-08,34736.2,0,91.2929,0,
ReLU,304,728,33,33,0,0,792792,0,0,3.17117e+06,792792,3.17117e+06,5.32111e-08,34736.2,0,91.2929,0,
Conv2d,305,728,33,33,4.76986e+06,5.19437e+09,0,5.19437e+09,0,3.17117e+06,1.70246e+13,2.22506e+07,1.14266,7.45931e+11,2.5578e-05,2.98293e-05,2.02905e+06,
BatchNorm2d,306,728,33,33,0,792794,0,2.37838e+06,792792,3.17117e+06,3.96396e+06,3.17117e+06,2.66056e-07,173681,0,18.2586,309.685,
Conv2d,307,728,33,33,4.76986e+06,5.19437e+09,0,5.19437e+09,0,3.17117e+06,1.70246e+13,2.22506e+07,1.14266,7.45931e+11,2.5578e-05,2.98293e-05,2.02905e+06,
SeparableConv2d,308,728,33,33,5.29984e+06,5.77153e+09,0,5.77153e+09,0,3.17117e+06,1.70257e+13,2.43705e+07,1.14274,7.45982e+11,2.84181e-05,3.26691e-05,2070.25,
BatchNorm2d,309,728,33,33,0,792794,0,2.37838e+06,792792,3.17117e+06,3.96396e+06,3.17117e+06,2.66056e-07,173681,0,18.2586,309.685,
ReLU,310,728,33,33,0,0,792792,0,0,3.17117e+06,792792,3.17117e+06,5.32111e-08,34736.2,0,91.2929,0,
ReLU,311,728,33,33,0,0,792792,0,0,3.17117e+06,792792,3.17117e+06,5.32111e-08,34736.2,0,91.2929,0,
Conv2d,312,728,33,33,4.76986e+06,5.19437e+09,0,5.19437e+09,0,3.17117e+06,1.70246e+13,2.22506e+07,1.14266,7.45931e+11,2.5578e-05,2.98293e-05,2.02905e+06,
BatchNorm2d,313,728,33,33,0,792794,0,2.37838e+06,792792,3.17117e+06,3.96396e+06,3.17117e+06,2.66056e-07,173681,0,18.2586,309.685,
Conv2d,314,728,33,33,4.76986e+06,5.19437e+09,0,5.19437e+09,0,3.17117e+06,1.70246e+13,2.22506e+07,1.14266,7.45931e+11,2.5578e-05,2.98293e-05,2.02905e+06,
SeparableConv2d,315,728,33,33,5.29984e+06,5.77153e+09,0,5.77153e+09,0,3.17117e+06,1.70257e+13,2.43705e+07,1.14274,7.45982e+11,2.84181e-05,3.26691e-05,2070.25,
BatchNorm2d,316,728,33,33,0,792794,0,2.37838e+06,792792,3.17117e+06,3.96396e+06,3.17117e+06,2.66056e-07,173681,0,18.2586,309.685,
Block,317,728,33,33,0,0,0,0,0,0,0,0,0,0,0,0,0,
ReLU,318,728,33,33,0,0,792792,0,0,3.17117e+06,792792,3.17117e+06,5.32111e-08,34736.2,0,91.2929,0,
ReLU,319,728,33,33,0,0,792792,0,0,3.17117e+06,792792,3.17117e+06,5.32111e-08,34736.2,0,91.2929,0,
Conv2d,320,728,33,33,4.76986e+06,5.19437e+09,0,5.19437e+09,0,3.17117e+06,1.70246e+13,2.22506e+07,1.14266,7.45931e+11,2.5578e-05,2.98293e-05,2.02905e+06,
BatchNorm2d,321,728,33,33,0,792794,0,2.37838e+06,792792,3.17117e+06,3.96396e+06,3.17117e+06,2.66056e-07,173681,0,18.2586,309.685,
Conv2d,322,728,33,33,4.76986e+06,5.19437e+09,0,5.19437e+09,0,3.17117e+06,1.70246e+13,2.22506e+07,1.14266,7.45931e+11,2.5578e-05,2.98293e-05,2.02905e+06,
SeparableConv2d,323,728,33,33,5.29984e+06,5.77153e+09,0,5.77153e+09,0,3.17117e+06,1.70257e+13,2.43705e+07,1.14274,7.45982e+11,2.84181e-05,3.26691e-05,2070.25,
BatchNorm2d,324,728,33,33,0,792794,0,2.37838e+06,792792,3.17117e+06,3.96396e+06,3.17117e+06,2.66056e-07,173681,0,18.2586,309.685,
ReLU,325,728,33,33,0,0,792792,0,0,3.17117e+06,792792,3.17117e+06,5.32111e-08,34736.2,0,91.2929,0,
ReLU,326,728,33,33,0,0,792792,0,0,3.17117e+06,792792,3.17117e+06,5.32111e-08,34736.2,0,91.2929,0,
Conv2d,327,728,33,33,4.76986e+06,5.19437e+09,0,5.19437e+09,0,3.17117e+06,1.70246e+13,2.22506e+07,1.14266,7.45931e+11,2.5578e-05,2.98293e-05,2.02905e+06,
BatchNorm2d,328,728,33,33,0,792794,0,2.37838e+06,792792,3.17117e+06,3.96396e+06,3.17117e+06,2.66056e-07,173681,0,18.2586,309.685,
Conv2d,329,728,33,33,4.76986e+06,5.19437e+09,0,5.19437e+09,0,3.17117e+06,1.70246e+13,2.22506e+07,1.14266,7.45931e+11,2.5578e-05,2.98293e-05,2.02905e+06,
SeparableConv2d,330,728,33,33,5.29984e+06,5.77153e+09,0,5.77153e+09,0,3.17117e+06,1.70257e+13,2.43705e+07,1.14274,7.45982e+11,2.84181e-05,3.26691e-05,2070.25,
BatchNorm2d,331,728,33,33,0,792794,0,2.37838e+06,792792,3.17117e+06,3.96396e+06,3.17117e+06,2.66056e-07,173681,0,18.2586,309.685,
ReLU,332,728,33,33,0,0,792792,0,0,3.17117e+06,792792,3.17117e+06,5.32111e-08,34736.2,0,91.2929,0,
ReLU,333,728,33,33,0,0,792792,0,0,3.17117e+06,792792,3.17117e+06,5.32111e-08,34736.2,0,91.2929,0,
Conv2d,334,728,33,33,4.76986e+06,5.19437e+09,0,5.19437e+09,0,3.17117e+06,1.70246e+13,2.22506e+07,1.14266,7.45931e+11,2.5578e-05,2.98293e-05,2.02905e+06,
BatchNorm2d,335,728,33,33,0,792794,0,2.37838e+06,792792,3.17117e+06,3.96396e+06,3.17117e+06,2.66056e-07,173681,0,18.2586,309.685,
Conv2d,336,728,33,33,4.76986e+06,5.19437e+09,0,5.19437e+09,0,3.17117e+06,1.70246e+13,2.22506e+07,1.14266,7.45931e+11,2.5578e-05,2.98293e-05,2.02905e+06,
SeparableConv2d,337,728,33,33,5.29984e+06,5.77153e+09,0,5.77153e+09,0,3.17117e+06,1.70257e+13,2.43705e+07,1.14274,7.45982e+11,2.84181e-05,3.26691e-05,2070.25,
BatchNorm2d,338,728,33,33,0,792794,0,2.37838e+06,792792,3.17117e+06,3.96396e+06,3.17117e+06,2.66056e-07,173681,0,18.2586,309.685,
Block,339,728,33,33,0,0,0,0,0,0,0,0,0,0,0,0,0,
ReLU,340,728,33,33,0,0,792792,0,0,3.17117e+06,792792,3.17117e+06,5.32111e-08,34736.2,0,91.2929,0,
ReLU,341,728,33,33,0,0,792792,0,0,3.17117e+06,792792,3.17117e+06,5.32111e-08,34736.2,0,91.2929,0,
Conv2d,342,728,33,33,4.76986e+06,5.19437e+09,0,5.19437e+09,0,3.17117e+06,1.70246e+13,2.22506e+07,1.14266,7.45931e+11,2.5578e-05,2.98293e-05,2.02905e+06,
BatchNorm2d,343,728,33,33,0,792794,0,2.37838e+06,792792,3.17117e+06,3.96396e+06,3.17117e+06,2.66056e-07,173681,0,18.2586,309.685,
Conv2d,344,728,33,33,4.76986e+06,5.19437e+09,0,5.19437e+09,0,3.17117e+06,1.70246e+13,2.22506e+07,1.14266,7.45931e+11,2.5578e-05,2.98293e-05,2.02905e+06,
SeparableConv2d,345,728,33,33,5.29984e+06,5.77153e+09,0,5.77153e+09,0,3.17117e+06,1.70257e+13,2.43705e+07,1.14274,7.45982e+11,2.84181e-05,3.26691e-05,2070.25,
BatchNorm2d,346,728,33,33,0,792794,0,2.37838e+06,792792,3.17117e+06,3.96396e+06,3.17117e+06,2.66056e-07,173681,0,18.2586,309.685,
ReLU,347,728,33,33,0,0,792792,0,0,3.17117e+06,792792,3.17117e+06,5.32111e-08,34736.2,0,91.2929,0,
ReLU,348,728,33,33,0,0,792792,0,0,3.17117e+06,792792,3.17117e+06,5.32111e-08,34736.2,0,91.2929,0,
Conv2d,349,728,33,33,4.76986e+06,5.19437e+09,0,5.19437e+09,0,3.17117e+06,1.70246e+13,2.22506e+07,1.14266,7.45931e+11,2.5578e-05,2.98293e-05,2.02905e+06,
BatchNorm2d,350,728,33,33,0,792794,0,2.37838e+06,792792,3.17117e+06,3.96396e+06,3.17117e+06,2.66056e-07,173681,0,18.2586,309.685,
Conv2d,351,728,33,33,4.76986e+06,5.19437e+09,0,5.19437e+09,0,3.17117e+06,1.70246e+13,2.22506e+07,1.14266,7.45931e+11,2.5578e-05,2.98293e-05,2.02905e+06,
SeparableConv2d,352,728,33,33,5.29984e+06,5.77153e+09,0,5.77153e+09,0,3.17117e+06,1.70257e+13,2.43705e+07,1.14274,7.45982e+11,2.84181e-05,3.26691e-05,2070.25,
BatchNorm2d,353,728,33,33,0,792794,0,2.37838e+06,792792,3.17117e+06,3.96396e+06,3.17117e+06,2.66056e-07,173681,0,18.2586,309.685,
ReLU,354,728,33,33,0,0,792792,0,0,3.17117e+06,792792,3.17117e+06,5.32111e-08,34736.2,0,91.2929,0,
ReLU,355,728,33,33,0,0,792792,0,0,3.17117e+06,792792,3.17117e+06,5.32111e-08,34736.2,0,91.2929,0,
Conv2d,356,728,33,33,4.76986e+06,5.19437e+09,0,5.19437e+09,0,3.17117e+06,1.70246e+13,2.22506e+07,1.14266,7.45931e+11,2.5578e-05,2.98293e-05,2.02905e+06,
BatchNorm2d,357,728,33,33,0,792794,0,2.37838e+06,792792,3.17117e+06,3.96396e+06,3.17117e+06,2.66056e-07,173681,0,18.2586,309.685,
Conv2d,358,728,33,33,4.76986e+06,5.19437e+09,0,5.19437e+09,0,3.17117e+06,1.70246e+13,2.22506e+07,1.14266,7.45931e+11,2.5578e-05,2.98293e-05,2.02905e+06,
SeparableConv2d,359,728,33,33,5.29984e+06,5.77153e+09,0,5.77153e+09,0,3.17117e+06,1.70257e+13,2.43705e+07,1.14274,7.45982e+11,2.84181e-05,3.26691e-05,2070.25,
BatchNorm2d,360,728,33,33,0,792794,0,2.37838e+06,792792,3.17117e+06,3.96396e+06,3.17117e+06,2.66056e-07,173681,0,18.2586,309.685,
Block,361,728,33,33,0,0,0,0,0,0,0,0,0,0,0,0,0,
ReLU,362,728,33,33,0,0,792792,0,0,3.17117e+06,792792,3.17117e+06,5.32111e-08,34736.2,0,91.2929,0,
ReLU,363,728,33,33,0,0,792792,0,0,3.17117e+06,792792,3.17117e+06,5.32111e-08,34736.2,0,91.2929,0,
Conv2d,364,728,33,33,4.76986e+06,5.19437e+09,0,5.19437e+09,0,3.17117e+06,1.70246e+13,2.22506e+07,1.14266,7.45931e+11,2.5578e-05,2.98293e-05,2.02905e+06,
BatchNorm2d,365,728,33,33,0,792794,0,2.37838e+06,792792,3.17117e+06,3.96396e+06,3.17117e+06,2.66056e-07,173681,0,18.2586,309.685,
Conv2d,366,728,33,33,4.76986e+06,5.19437e+09,0,5.19437e+09,0,3.17117e+06,1.70246e+13,2.22506e+07,1.14266,7.45931e+11,2.5578e-05,2.98293e-05,2.02905e+06,
SeparableConv2d,367,728,33,33,5.29984e+06,5.77153e+09,0,5.77153e+09,0,3.17117e+06,1.70257e+13,2.43705e+07,1.14274,7.45982e+11,2.84181e-05,3.26691e-05,2070.25,
BatchNorm2d,368,728,33,33,0,792794,0,2.37838e+06,792792,3.17117e+06,3.96396e+06,3.17117e+06,2.66056e-07,173681,0,18.2586,309.685,
ReLU,369,728,33,33,0,0,792792,0,0,3.17117e+06,792792,3.17117e+06,5.32111e-08,34736.2,0,91.2929,0,
ReLU,370,728,33,33,0,0,792792,0,0,3.17117e+06,792792,3.17117e+06,5.32111e-08,34736.2,0,91.2929,0,
Conv2d,371,728,33,33,4.76986e+06,5.19437e+09,0,5.19437e+09,0,3.17117e+06,1.70246e+13,2.22506e+07,1.14266,7.45931e+11,2.5578e-05,2.98293e-05,2.02905e+06,
BatchNorm2d,372,728,33,33,0,792794,0,2.37838e+06,792792,3.17117e+06,3.96396e+06,3.17117e+06,2.66056e-07,173681,0,18.2586,309.685,
Conv2d,373,728,33,33,4.76986e+06,5.19437e+09,0,5.19437e+09,0,3.17117e+06,1.70246e+13,2.22506e+07,1.14266,7.45931e+11,2.5578e-05,2.98293e-05,2.02905e+06,
SeparableConv2d,374,728,33,33,5.29984e+06,5.77153e+09,0,5.77153e+09,0,3.17117e+06,1.70257e+13,2.43705e+07,1.14274,7.45982e+11,2.84181e-05,3.26691e-05,2070.25,
BatchNorm2d,375,728,33,33,0,792794,0,2.37838e+06,792792,3.17117e+06,3.96396e+06,3.17117e+06,2.66056e-07,173681,0,18.2586,309.685,
ReLU,376,728,33,33,0,0,792792,0,0,3.17117e+06,792792,3.17117e+06,5.32111e-08,34736.2,0,91.2929,0,
ReLU,377,728,33,33,0,0,792792,0,0,3.17117e+06,792792,3.17117e+06,5.32111e-08,34736.2,0,91.2929,0,
Conv2d,378,728,33,33,4.76986e+06,5.19437e+09,0,5.19437e+09,0,3.17117e+06,1.70246e+13,2.22506e+07,1.14266,7.45931e+11,2.5578e-05,2.98293e-05,2.02905e+06,
BatchNorm2d,379,728,33,33,0,792794,0,2.37838e+06,792792,3.17117e+06,3.96396e+06,3.17117e+06,2.66056e-07,173681,0,18.2586,309.685,
Conv2d,380,728,33,33,4.76986e+06,5.19437e+09,0,5.19437e+09,0,3.17117e+06,1.70246e+13,2.22506e+07,1.14266,7.45931e+11,2.5578e-05,2.98293e-05,2.02905e+06,
SeparableConv2d,381,728,33,33,5.29984e+06,5.77153e+09,0,5.77153e+09,0,3.17117e+06,1.70257e+13,2.43705e+07,1.14274,7.45982e+11,2.84181e-05,3.26691e-05,2070.25,
BatchNorm2d,382,728,33,33,0,792794,0,2.37838e+06,792792,3.17117e+06,3.96396e+06,3.17117e+06,2.66056e-07,173681,0,18.2586,309.685,
Block,383,728,33,33,0,0,0,0,0,0,0,0,0,0,0,0,0,
ReLU,384,728,33,33,0,0,792792,0,0,3.17117e+06,792792,3.17117e+06,5.32111e-08,34736.2,0,91.2929,0,
ReLU,385,728,33,33,0,0,792792,0,0,3.17117e+06,792792,3.17117e+06,5.32111e-08,34736.2,0,91.2929,0,
Conv2d,386,728,33,33,4.76986e+06,5.19437e+09,0,5.19437e+09,0,3.17117e+06,1.70246e+13,2.22506e+07,1.14266,7.45931e+11,2.5578e-05,2.98293e-05,2.02905e+06,
BatchNorm2d,387,728,33,33,0,792794,0,2.37838e+06,792792,3.17117e+06,3.96396e+06,3.17117e+06,2.66056e-07,173681,0,18.2586,309.685,
Conv2d,388,728,33,33,4.76986e+06,5.19437e+09,0,5.19437e+09,0,3.17117e+06,1.70246e+13,2.22506e+07,1.14266,7.45931e+11,2.5578e-05,2.98293e-05,2.02905e+06,
SeparableConv2d,389,728,33,33,5.29984e+06,5.77153e+09,0,5.77153e+09,0,3.17117e+06,1.70257e+13,2.43705e+07,1.14274,7.45982e+11,2.84181e-05,3.26691e-05,2070.25,
BatchNorm2d,390,728,33,33,0,792794,0,2.37838e+06,792792,3.17117e+06,3.96396e+06,3.17117e+06,2.66056e-07,173681,0,18.2586,309.685,
ReLU,391,728,33,33,0,0,792792,0,0,3.17117e+06,792792,3.17117e+06,5.32111e-08,34736.2,0,91.2929,0,
ReLU,392,728,33,33,0,0,792792,0,0,3.17117e+06,792792,3.17117e+06,5.32111e-08,34736.2,0,91.2929,0,
Conv2d,393,728,33,33,4.76986e+06,5.19437e+09,0,5.19437e+09,0,3.17117e+06,1.70246e+13,2.22506e+07,1.14266,7.45931e+11,2.5578e-05,2.98293e-05,2.02905e+06,
BatchNorm2d,394,728,33,33,0,792794,0,2.37838e+06,792792,3.17117e+06,3.96396e+06,3.17117e+06,2.66056e-07,173681,0,18.2586,309.685,
Conv2d,395,728,33,33,4.76986e+06,5.19437e+09,0,5.19437e+09,0,3.17117e+06,1.70246e+13,2.22506e+07,1.14266,7.45931e+11,2.5578e-05,2.98293e-05,2.02905e+06,
SeparableConv2d,396,728,33,33,5.29984e+06,5.77153e+09,0,5.77153e+09,0,3.17117e+06,1.70257e+13,2.43705e+07,1.14274,7.45982e+11,2.84181e-05,3.26691e-05,2070.25,
BatchNorm2d,397,728,33,33,0,792794,0,2.37838e+06,792792,3.17117e+06,3.96396e+06,3.17117e+06,2.66056e-07,173681,0,18.2586,309.685,
ReLU,398,728,33,33,0,0,792792,0,0,3.17117e+06,792792,3.17117e+06,5.32111e-08,34736.2,0,91.2929,0,
ReLU,399,728,33,33,0,0,792792,0,0,3.17117e+06,792792,3.17117e+06,5.32111e-08,34736.2,0,91.2929,0,
Conv2d,400,728,33,33,4.76986e+06,5.19437e+09,0,5.19437e+09,0,3.17117e+06,1.70246e+13,2.22506e+07,1.14266,7.45931e+11,2.5578e-05,2.98293e-05,2.02905e+06,
BatchNorm2d,401,728,33,33,0,792794,0,2.37838e+06,792792,3.17117e+06,3.96396e+06,3.17117e+06,2.66056e-07,173681,0,18.2586,309.685,
Conv2d,402,728,33,33,4.76986e+06,5.19437e+09,0,5.19437e+09,0,3.17117e+06,1.70246e+13,2.22506e+07,1.14266,7.45931e+11,2.5578e-05,2.98293e-05,2.02905e+06,
SeparableConv2d,403,728,33,33,5.29984e+06,5.77153e+09,0,5.77153e+09,0,3.17117e+06,1.70257e+13,2.43705e+07,1.14274,7.45982e+11,2.84181e-05,3.26691e-05,2070.25,
BatchNorm2d,404,728,33,33,0,792794,0,2.37838e+06,792792,3.17117e+06,3.96396e+06,3.17117e+06,2.66056e-07,173681,0,18.2586,309.685,
Block,405,728,33,33,0,0,0,0,0,0,0,0,0,0,0,0,0,
ReLU,406,728,33,33,0,0,792792,0,0,3.17117e+06,792792,3.17117e+06,5.32111e-08,34736.2,0,91.2929,0,
ReLU,407,728,33,33,0,0,792792,0,0,3.17117e+06,792792,3.17117e+06,5.32111e-08,34736.2,0,91.2929,0,
Conv2d,408,728,33,33,4.76986e+06,5.19437e+09,0,5.19437e+09,0,3.17117e+06,1.70246e+13,2.22506e+07,1.14266,7.45931e+11,2.5578e-05,2.98293e-05,2.02905e+06,
BatchNorm2d,409,728,33,33,0,792794,0,2.37838e+06,792792,3.17117e+06,3.96396e+06,3.17117e+06,2.66056e-07,173681,0,18.2586,309.685,
Conv2d,410,728,33,33,4.76986e+06,5.19437e+09,0,5.19437e+09,0,3.17117e+06,1.70246e+13,2.22506e+07,1.14266,7.45931e+11,2.5578e-05,2.98293e-05,2.02905e+06,
SeparableConv2d,411,728,33,33,5.29984e+06,5.77153e+09,0,5.77153e+09,0,3.17117e+06,1.70257e+13,2.43705e+07,1.14274,7.45982e+11,2.84181e-05,3.26691e-05,2070.25,
BatchNorm2d,412,728,33,33,0,792794,0,2.37838e+06,792792,3.17117e+06,3.96396e+06,3.17117e+06,2.66056e-07,173681,0,18.2586,309.685,
ReLU,413,728,33,33,0,0,792792,0,0,3.17117e+06,792792,3.17117e+06,5.32111e-08,34736.2,0,91.2929,0,
ReLU,414,728,33,33,0,0,792792,0,0,3.17117e+06,792792,3.17117e+06,5.32111e-08,34736.2,0,91.2929,0,
Conv2d,415,728,33,33,4.76986e+06,5.19437e+09,0,5.19437e+09,0,3.17117e+06,1.70246e+13,2.22506e+07,1.14266,7.45931e+11,2.5578e-05,2.98293e-05,2.02905e+06,
BatchNorm2d,416,728,33,33,0,792794,0,2.37838e+06,792792,3.17117e+06,3.96396e+06,3.17117e+06,2.66056e-07,173681,0,18.2586,309.685,
Conv2d,417,728,33,33,4.76986e+06,5.19437e+09,0,5.19437e+09,0,3.17117e+06,1.70246e+13,2.22506e+07,1.14266,7.45931e+11,2.5578e-05,2.98293e-05,2.02905e+06,
SeparableConv2d,418,728,33,33,5.29984e+06,5.77153e+09,0,5.77153e+09,0,3.17117e+06,1.70257e+13,2.43705e+07,1.14274,7.45982e+11,2.84181e-05,3.26691e-05,2070.25,
BatchNorm2d,419,728,33,33,0,792794,0,2.37838e+06,792792,3.17117e+06,3.96396e+06,3.17117e+06,2.66056e-07,173681,0,18.2586,309.685,
ReLU,420,728,33,33,0,0,792792,0,0,3.17117e+06,792792,3.17117e+06,5.32111e-08,34736.2,0,91.2929,0,
ReLU,421,728,33,33,0,0,792792,0,0,3.17117e+06,792792,3.17117e+06,5.32111e-08,34736.2,0,91.2929,0,
Conv2d,422,728,33,33,4.76986e+06,5.19437e+09,0,5.19437e+09,0,3.17117e+06,1.70246e+13,2.22506e+07,1.14266,7.45931e+11,2.5578e-05,2.98293e-05,2.02905e+06,
BatchNorm2d,423,728,33,33,0,792794,0,2.37838e+06,792792,3.17117e+06,3.96396e+06,3.17117e+06,2.66056e-07,173681,0,18.2586,309.685,
Conv2d,424,728,33,33,4.76986e+06,5.19437e+09,0,5.19437e+09,0,3.17117e+06,1.70246e+13,2.22506e+07,1.14266,7.45931e+11,2.5578e-05,2.98293e-05,2.02905e+06,
SeparableConv2d,425,728,33,33,5.29984e+06,5.77153e+09,0,5.77153e+09,0,3.17117e+06,1.70257e+13,2.43705e+07,1.14274,7.45982e+11,2.84181e-05,3.26691e-05,2070.25,
BatchNorm2d,426,728,33,33,0,792794,0,2.37838e+06,792792,3.17117e+06,3.96396e+06,3.17117e+06,2.66056e-07,173681,0,18.2586,309.685,
Block,427,728,33,33,0,0,0,0,0,0,0,0,0,0,0,0,0,
ReLU,428,728,33,33,0,0,792792,0,0,3.17117e+06,792792,3.17117e+06,5.32111e-08,34736.2,0,91.2929,0,
ReLU,429,728,33,33,0,0,792792,0,0,3.17117e+06,792792,3.17117e+06,5.32111e-08,34736.2,0,91.2929,0,
Conv2d,430,728,33,33,4.76986e+06,5.19437e+09,0,5.19437e+09,0,3.17117e+06,1.70246e+13,2.22506e+07,1.14266,7.45931e+11,2.5578e-05,2.98293e-05,2.02905e+06,
BatchNorm2d,431,728,33,33,0,792794,0,2.37838e+06,792792,3.17117e+06,3.96396e+06,3.17117e+06,2.66056e-07,173681,0,18.2586,309.685,
Conv2d,432,728,33,33,4.76986e+06,5.19437e+09,0,5.19437e+09,0,3.17117e+06,1.70246e+13,2.22506e+07,1.14266,7.45931e+11,2.5578e-05,2.98293e-05,2.02905e+06,
SeparableConv2d,433,728,33,33,5.29984e+06,5.77153e+09,0,5.77153e+09,0,3.17117e+06,1.70257e+13,2.43705e+07,1.14274,7.45982e+11,2.84181e-05,3.26691e-05,2070.25,
BatchNorm2d,434,728,33,33,0,792794,0,2.37838e+06,792792,3.17117e+06,3.96396e+06,3.17117e+06,2.66056e-07,173681,0,18.2586,309.685,
ReLU,435,728,33,33,0,0,792792,0,0,3.17117e+06,792792,3.17117e+06,5.32111e-08,34736.2,0,91.2929,0,
ReLU,436,728,33,33,0,0,792792,0,0,3.17117e+06,792792,3.17117e+06,5.32111e-08,34736.2,0,91.2929,0,
Conv2d,437,728,33,33,4.76986e+06,5.19437e+09,0,5.19437e+09,0,3.17117e+06,1.70246e+13,2.22506e+07,1.14266,7.45931e+11,2.5578e-05,2.98293e-05,2.02905e+06,
BatchNorm2d,438,728,33,33,0,792794,0,2.37838e+06,792792,3.17117e+06,3.96396e+06,3.17117e+06,2.66056e-07,173681,0,18.2586,309.685,
Conv2d,439,1024,33,33,6.70925e+06,7.30637e+09,0,7.30637e+09,0,4.46054e+06,2.39466e+13,3.12975e+07,1.60726,1.04922e+12,2.5578e-05,2.98293e-05,2.85405e+06,
SeparableConv2d,440,1024,33,33,1.04858e+07,1.1419e+10,0,1.1419e+10,0,4.46054e+06,4.73745e+13,4.64036e+07,3.17971,2.07572e+12,2.02065e-05,2.23555e-05,4096,
BatchNorm2d,441,1024,33,33,0,1.11514e+06,0,3.34541e+06,1.11514e+06,4.46054e+06,5.57568e+06,4.46054e+06,3.74232e-07,244299,0,18.2586,435.601,
ReLU,442,1024,33,33,0,0,1.11514e+06,0,0,4.46054e+06,1.11514e+06,4.46054e+06,7.48464e-08,48859.7,0,91.2929,0,
ReLU,443,1024,33,33,0,0,1.11514e+06,0,0,4.46054e+06,1.11514e+06,4.46054e+06,7.48464e-08,48859.7,0,91.2929,0,
Conv2d,444,1024,33,33,9.43718e+06,1.02771e+10,0,1.02771e+10,0,4.46054e+06,4.73723e+13,4.22093e+07,3.17956,2.07562e+12,1.81868e-05,2.03358e-05,4.01449e+06,
BatchNorm2d,445,1024,33,33,0,1.11514e+06,0,3.34541e+06,1.11514e+06,4.46054e+06,5.57568e+06,4.46054e+06,3.74232e-07,244299,0,18.2586,435.601,
Conv2d,446,1024,33,33,9.43718e+06,1.02771e+10,0,1.02771e+10,0,4.46054e+06,4.73723e+13,4.22093e+07,3.17956,2.07562e+12,1.81868e-05,2.03358e-05,4.01449e+06,
SeparableConv2d,447,1024,33,33,1.04858e+07,1.1419e+10,0,1.1419e+10,0,4.46054e+06,4.73745e+13,4.64036e+07,3.17971,2.07572e+12,2.02065e-05,2.23555e-05,4096,
BatchNorm2d,448,1024,33,33,0,1.11514e+06,0,3.34541e+06,1.11514e+06,4.46054e+06,5.57568e+06,4.46054e+06,3.74232e-07,244299,0,18.2586,435.601,
Conv2d,449,1024,33,33,9.43718e+06,1.02771e+10,0,1.02771e+10,0,4.46054e+06,4.73723e+13,4.22093e+07,3.17956,2.07562e+12,1.81868e-05,2.03358e-05,4.01449e+06,
BatchNorm2d,450,1024,33,33,0,1.11514e+06,0,3.34541e+06,1.11514e+06,4.46054e+06,5.57568e+06,4.46054e+06,3.74232e-07,244299,0,18.2586,435.601,
Block,451,1024,33,33,0,0,0,0,0,0,0,0,0,0,0,0,0,
ReLU,452,1024,33,33,0,0,1.11514e+06,0,0,4.46054e+06,1.11514e+06,4.46054e+06,7.48464e-08,48859.7,0,91.2929,0,
Conv2d,453,1024,33,33,9.43718e+06,1.02771e+10,0,1.02771e+10,0,4.46054e+06,4.73723e+13,4.22093e+07,3.17956,2.07562e+12,1.81868e-05,2.03358e-05,4.01449e+06,
BatchNorm2d,454,1024,33,33,0,1.11514e+06,0,3.34541e+06,1.11514e+06,4.46054e+06,5.57568e+06,4.46054e+06,3.74232e-07,244299,0,18.2586,435.601,
Conv2d,455,1536,33,33,1.41558e+07,1.54156e+10,0,1.54156e+10,0,6.69082e+06,7.10584e+13,6.33139e+07,4.76934,3.11342e+12,1.81868e-05,2.03358e-05,6.02173e+06,
SeparableConv2d,456,1536,33,33,2.3593e+07,2.56927e+10,0,2.56927e+10,0,6.69082e+06,1.59869e+14,1.01063e+08,10.7302,7.00467e+12,1.34727e-05,1.44279e-05,9216,
BatchNorm2d,457,1536,33,33,0,1.67271e+06,0,5.01811e+06,1.6727e+06,6.69082e+06,8.36352e+06,6.69082e+06,5.61348e-07,366448,0,18.2586,653.401,
ReLU,458,1536,33,33,0,0,1.6727e+06,0,0,6.69082e+06,1.6727e+06,6.69082e+06,1.1227e-07,73289.6,0,91.2929,0,
Conv2d,459,1536,33,33,2.12337e+07,2.31235e+10,0,2.31235e+10,0,6.69082e+06,1.59864e+14,9.16255e+07,10.7299,7.00445e+12,1.21258e-05,1.3081e-05,9.0326e+06,
BatchNorm2d,460,1536,33,33,0,1.67271e+06,0,5.01811e+06,1.6727e+06,6.69082e+06,8.36352e+06,6.69082e+06,5.61348e-07,366448,0,18.2586,653.401,
Conv2d,461,1536,33,33,2.12337e+07,2.31235e+10,0,2.31235e+10,0,6.69082e+06,1.59864e+14,9.16255e+07,10.7299,7.00445e+12,1.21258e-05,1.3081e-05,9.0326e+06,
SeparableConv2d,462,1536,33,33,2.3593e+07,2.56927e+10,0,2.56927e+10,0,6.69082e+06,1.59869e+14,1.01063e+08,10.7302,7.00467e+12,1.34727e-05,1.44279e-05,9216,
BatchNorm2d,463,1536,33,33,0,1.67271e+06,0,5.01811e+06,1.6727e+06,6.69082e+06,8.36352e+06,6.69082e+06,5.61348e-07,366448,0,18.2586,653.401,
ReLU,464,1536,33,33,0,0,1.6727e+06,0,0,6.69082e+06,1.6727e+06,6.69082e+06,1.1227e-07,73289.6,0,91.2929,0,
Conv2d,465,1536,33,33,2.12337e+07,2.31235e+10,0,2.31235e+10,0,6.69082e+06,1.59864e+14,9.16255e+07,10.7299,7.00445e+12,1.21258e-05,1.3081e-05,9.0326e+06,
BatchNorm2d,466,1536,33,33,0,1.67271e+06,0,5.01811e+06,1.6727e+06,6.69082e+06,8.36352e+06,6.69082e+06,5.61348e-07,366448,0,18.2586,653.401,
Conv2d,467,2048,33,33,2.83116e+07,3.08313e+10,0,3.08313e+10,0,8.92109e+06,2.13152e+14,1.22167e+08,14.3065,9.33926e+12,1.21258e-05,1.3081e-05,1.20435e+07,
SeparableConv2d,468,2048,33,33,4.1943e+07,4.5676e+10,0,4.5676e+10,0,8.92109e+06,3.78926e+14,1.76693e+08,25.433,1.66026e+13,1.01052e-05,1.06425e-05,16384,
BatchNorm2d,469,2048,33,33,0,2.23027e+06,0,6.69082e+06,2.23027e+06,8.92109e+06,1.11514e+07,8.92109e+06,7.48464e-07,488597,0,18.2586,871.201,
ReLU,470,2048,33,33,0,0,2.23027e+06,0,0,8.92109e+06,2.23027e+06,8.92109e+06,1.49693e-07,97719.4,0,91.2929,0,
AlignedXception,471,2048,33,33,0,0,0,0,0,0,0,0,0,0,0,0,0,
Conv2d,472,256,33,33,4.71859e+06,5.13855e+09,0,5.13855e+09,0,1.11514e+06,4.73646e+13,1.99895e+07,3.17904,2.07528e+12,9.09486e-06,9.6322e-06,2.00724e+06,
BatchNorm2d,473,256,33,33,0,278786,0,836352,278784,1.11514e+06,1.39392e+06,1.11514e+06,9.35581e-08,61074.7,0,18.2586,108.901,
ReLU,474,256,33,33,0,0,278784,0,0,1.11514e+06,278784,1.11514e+06,1.87116e-08,12214.9,0,91.2929,0,
_ASPPModule,475,256,33,33,0,0,0,0,0,0,0,0,0,0,0,0,0,
Conv2d,476,256,33,33,589824,6.42318e+08,0,6.42318e+08,0,1.11514e+06,7.40914e+11,3.47443e+06,0.0497291,3.24632e+10,7.26761e-05,0.000107027,250906,
BatchNorm2d,477,256,33,33,0,278786,0,836352,278784,1.11514e+06,1.39392e+06,1.11514e+06,9.35581e-08,61074.7,0,18.2586,108.901,
ReLU,478,256,33,33,0,0,278784,0,0,1.11514e+06,278784,1.11514e+06,1.87116e-08,12214.9,0,91.2929,0,
_ASPPModule,479,256,33,33,0,0,0,0,0,0,0,0,0,0,0,0,0,
Conv2d,480,256,33,33,589824,6.42318e+08,0,6.42318e+08,0,1.11514e+06,7.40914e+11,3.47443e+06,0.0497291,3.24632e+10,7.26761e-05,0.000107027,250906,
BatchNorm2d,481,256,33,33,0,278786,0,836352,278784,1.11514e+06,1.39392e+06,1.11514e+06,9.35581e-08,61074.7,0,18.2586,108.901,
ReLU,482,256,33,33,0,0,278784,0,0,1.11514e+06,278784,1.11514e+06,1.87116e-08,12214.9,0,91.2929,0,
_ASPPModule,483,256,33,33,0,0,0,0,0,0,0,0,0,0,0,0,0,
Conv2d,484,256,33,33,589824,6.42318e+08,0,6.42318e+08,0,1.11514e+06,7.40914e+11,3.47443e+06,0.0497291,3.24632e+10,7.26761e-05,0.000107027,250906,
BatchNorm2d,485,256,33,33,0,278786,0,836352,278784,1.11514e+06,1.39392e+06,1.11514e+06,9.35581e-08,61074.7,0,18.2586,108.901,
ReLU,486,256,33,33,0,0,278784,0,0,1.11514e+06,278784,1.11514e+06,1.87116e-08,12214.9,0,91.2929,0,
_ASPPModule,487,256,33,33,0,0,0,0,0,0,0,0,0,0,0,0,0,
AdaptiveAvgPool2d,488,2048,1,1,0,1,0,2048,0,8192,2049,1.37526e-10,89.777,0,91.2483,0.000390625,
Conv2d,489,256,1,1,4.71859e+06,4.71859e+06,0,4.71859e+06,0,1024,4.34936e+10,1.88754e+07,0.00291923,1.90567e+09,0.0099043,0.00990484,1843.2,
BatchNorm2d,490,256,1,1,0,258,0,768,256,1024,1282,1024,8.6046e-11,56.1709,0,18.2301,0.100781,
ReLU,491,256,1,1,0,0,256,0,0,1024,256,1024,1.71824e-11,11.2166,0,91.2929,0,
Conv2d,492,256,33,33,589824,6.42318e+08,0,6.42318e+08,0,1.11514e+06,7.40914e+11,3.47443e+06,0.0497291,3.24632e+10,7.26761e-05,0.000107027,250906,
BatchNorm2d,493,256,33,33,0,278786,0,836352,278784,1.11514e+06,1.39392e+06,1.11514e+06,9.35581e-08,61074.7,0,18.2586,108.901,
ReLU,494,256,33,33,0,0,278784,0,0,1.11514e+06,278784,1.11514e+06,1.87116e-08,12214.9,0,91.2929,0,
Dropout,495,256,33,33,0,0,278784,0,0,1.11514e+06,278784,1.11514e+06,1.87116e-08,12214.9,0,91.2929,0,
ASPP,496,256,33,33,0,0,0,0,0,0,0,0,0,0,0,0,0,
Conv2d,497,48,129,129,110592,1.84036e+09,0,1.84036e+09,0,3.19507e+06,2.12286e+12,3.63744e+06,0.142483,9.3013e+10,4.75598e-06,3.91068e-05,718891,
BatchNorm2d,498,48,129,129,0,798770,0,2.3963e+06,798768,3.19507e+06,3.99384e+06,3.19507e+06,2.68061e-07,174990,0,18.2586,312.02,
ReLU,499,48,129,129,0,0,798768,0,0,3.19507e+06,798768,3.19507e+06,5.36122e-08,34998,0,91.2929,0,
Conv2d,500,256,129,129,110592,1.84036e+09,0,1.84036e+09,0,1.70404e+07,4.00279e+11,1.74828e+07,0.0268661,1.75382e+10,2.52231e-05,0.000996838,718891,
BatchNorm2d,501,256,129,129,0,4.2601e+06,0,1.27803e+07,4.2601e+06,1.70404e+07,2.13005e+07,1.70404e+07,1.42966e-06,933281,0,18.2586,1664.1,
ReLU,502,256,129,129,0,0,4.2601e+06,0,0,1.70404e+07,4.2601e+06,1.70404e+07,2.85932e-07,186656,0,91.2929,0,
Dropout,503,256,129,129,0,0,4.2601e+06,0,0,1.70404e+07,4.2601e+06,1.70404e+07,2.85932e-07,186656,0,91.2929,0,
Conv2d,504,256,129,129,589824,9.81526e+09,0,9.81526e+09,0,1.70404e+07,1.13219e+13,1.93997e+07,0.75991,4.96069e+11,4.75598e-06,3.91068e-05,3.83409e+06,
BatchNorm2d,505,256,129,129,0,4.2601e+06,0,1.27803e+07,4.2601e+06,1.70404e+07,2.13005e+07,1.70404e+07,1.42966e-06,933281,0,18.2586,1664.1,
ReLU,506,256,129,129,0,0,4.2601e+06,0,0,1.70404e+07,4.2601e+06,1.70404e+07,2.85932e-07,186656,0,91.2929,0,
Dropout,507,256,129,129,0,0,4.2601e+06,0,0,1.70404e+07,4.2601e+06,1.70404e+07,2.85932e-07,186656,0,91.2929,0,
Conv2d,508,19,129,129,43776,7.28476e+08,0,7.28476e+08,0,1.26472e+06,8.40298e+11,1.43982e+06,0.0563996,3.68177e+10,4.75598e-06,3.91068e-05,284561,
Decoder,509,19,129,129,0,0,0,0,0,0,0,0,0,0,0,0,0,
DeepLab,510,19,513,513,0,0,0,0,0,0,0,0,0,0,0,0,0,
